[],1
"['my', 'love', 'my', 'life', 'google', 'my', 'my', 'account', 'my', 'name', 'my', 'facebook', 'my', 'friend', 'my', 'ip', 'my', 'girl', 'my', 'location', 'my', 'way', 'my', 'little', 'pony', 'my', 'mp3', 'my', 'pay', 'make', 'my', 'trip', 'book', 'my', 'show', 'my', 'music', 'my', 'school', 'my', 'email', 'my', 'family', 'my', 'address', 'my', 'red', 'my', 'mail', 'what', 'is', 'my', 'ip', 'rate', 'my', 'professor']",1
"['amazon', 'prime', 'samsung', 'prime', 'samsung', 'video', 'prime', 'galaxy', 'prime', 'j7', 'j7', 'prime', 'amazon', 'video', 'prime', 'amazon', 'video', 'grand', 'prime', 'prime', 'minister', 'samsung', 'galaxy', 'prime', 'samsung', 'galaxy', 'samsung', 'grand', 'prime', 'samsung', 'j7', 'prime', 'samsung', 'j7', 'j5', 'j5', 'prime', 'galaxy', 'grand', 'prime', 'j2', 'prime', 'prime', 'number', 'samsung', 'galaxy', 'grand', 'prime', 'core', 'prime', 'prime', 'tv', 'prime', 'rib']",1
"['member', 'login', 'family', 'member', 'member', 'portal', 'epfo', 'epfo', 'member', 'team', 'member', 'uan', 'member', 'member', 'one', 'uan', 'member', 'home', 'member', 'access', 'epfo', 'login', 'epfo', 'member', 'login', 'member', 'card', 'epf', 'member', 'epf', 'board', 'member', 'uan', 'member', 'portal', 'member', 'passbook', 'bts', 'member', 'bts', 'member', 'of', 'parliament', 'epfo', 'member', 'portal', 'epfo', 'portal', 'member', 'exo']",1
[],1
[],1
"['to', 'confirm', 'confirm', 'your', 'confirm', 'that', 'confirm', 'email', 'confirm', 'with', 'can', 'confirm', 'please', 'confirm', 'ticket', 'confirm', 'confirm', 'if', 'confirm', 'it', 'confirm', 'meaning', 'javascript', 'javascript', 'confirm', 'to', 'be', 'confirm', 'confirmation', 'confirm', 'password', 'www.xmx1.com/c', 'to', 'confirm', 'confirm', 'receipt', 'confirm', 'identity', 'jquery', 'confirm', 'confirm', 'order', 'confirm', 'dialog', 'confirm', 'with', 'you', 'confirm', 'id', 'call', 'confirm']",1
"['to', 'confirm', 'confirm', 'your', 'confirm', 'that', 'confirm', 'email', 'confirm', 'with', 'can', 'confirm', 'please', 'confirm', 'ticket', 'confirm', 'confirm', 'if', 'confirm', 'it', 'confirm', 'meaning', 'javascript', 'javascript', 'confirm', 'to', 'be', 'confirm', 'confirmation', 'confirm', 'password', 'www.xmx1.com/c', 'to', 'confirm', 'confirm', 'receipt', 'confirm', 'identity', 'jquery', 'confirm', 'confirm', 'order', 'confirm', 'dialog', 'confirm', 'with', 'you', 'confirm', 'id', 'call', 'confirm']",1
"['musica', 'para', 'descargar', 'frases', 'para', 'fotos', 'frases', 'para', 'status', 'frases', 'para', 'facebook', 'dibujos', 'para', 'colorear', 'juegos', 'para', 'niños', 'imagenes', 'para', 'dibujar', 'frases', 'para', 'foto', 'juegos', 'para', '2', 'status', 'para', 'whatsapp', 'legenda', 'para', 'foto', 'tatuajes', 'para', 'mujeres', 'legendas', 'para', 'fotos', 'peinados', 'para', 'niñas', 'tiempo', 'para', 'mañana', 'nombres', 'para', 'niños', 'estados', 'para', 'whatsapp', 'previsão', 'do', 'tempo', 'para', 'amanhã', 'kara', 'para', 'ask', 'desenhos', 'para', 'desenhar', 'disfraces', 'para', 'halloween', 'cuentos', 'para', 'dormir', 'tatuajes', 'para', 'parejas', 'frase', 'para', 'status', 'aplicaciones', 'para', 'descargar', 'musica']",1
"['facebook', 'com', 'google', 'com', 'as', 'com', 'youtube', 'com', 'facebook', 'com', 'login', 'www', 'google', 'com', 'www', 'facebook', 'com', 'booking', 'com', 'hotmail', 'com', 'satta', 'com', 'gmail', 'com', 'facebook.', 'com', 'globo', 'com', 'fb', 'com', 'matka', 'com', 'king', 'com', 'wetter', 'com', 'www', 'youtube', 'com', 'google.', 'com', 'vina24h', 'com', 'm', 'mataka', 'com', 'sarkari', 'result', 'com', 'www', 'ชิม', 'ช้', 'อป', 'ใช้', 'com', 'www', 'google', 'com', 'เป็น', 'หน้า', 'แรก', 'sattamattaka', 'com']",1
"['facebook', 'com', 'google', 'com', 'as', 'com', 'youtube', 'com', 'facebook', 'com', 'login', 'www', 'google', 'com', 'www', 'facebook', 'com', 'booking', 'com', 'hotmail', 'com', 'satta', 'com', 'gmail', 'com', 'facebook.', 'com', 'globo', 'com', 'fb', 'com', 'matka', 'com', 'king', 'com', 'wetter', 'com', 'www', 'youtube', 'com', 'google.', 'com', 'vina24h', 'com', 'm', 'mataka', 'com', 'sarkari', 'result', 'com', 'www', 'ชิม', 'ช้', 'อป', 'ใช้', 'com', 'www', 'google', 'com', 'เป็น', 'หน้า', 'แรก', 'sattamattaka', 'com']",1
"['facebook', 'com', 'google', 'com', 'as', 'com', 'youtube', 'com', 'facebook', 'com', 'login', 'www', 'google', 'com', 'www', 'facebook', 'com', 'booking', 'com', 'hotmail', 'com', 'satta', 'com', 'gmail', 'com', 'facebook.', 'com', 'globo', 'com', 'fb', 'com', 'matka', 'com', 'king', 'com', 'wetter', 'com', 'www', 'youtube', 'com', 'google.', 'com', 'vina24h', 'com', 'm', 'mataka', 'com', 'sarkari', 'result', 'com', 'www', 'ชิม', 'ช้', 'อป', 'ใช้', 'com', 'www', 'google', 'com', 'เป็น', 'หน้า', 'แรก', 'sattamattaka', 'com']",1
"['to', 'confirm', 'confirm', 'your', 'confirm', 'that', 'confirm', 'email', 'confirm', 'with', 'can', 'confirm', 'please', 'confirm', 'ticket', 'confirm', 'confirm', 'if', 'confirm', 'it', 'confirm', 'meaning', 'javascript', 'javascript', 'confirm', 'to', 'be', 'confirm', 'confirmation', 'confirm', 'password', 'www.xmx1.com/c', 'to', 'confirm', 'confirm', 'receipt', 'confirm', 'identity', 'jquery', 'confirm', 'confirm', 'order', 'confirm', 'dialog', 'confirm', 'with', 'you', 'confirm', 'id', 'call', 'confirm']",1
"['to', 'confirm', 'confirm', 'your', 'confirm', 'that', 'confirm', 'email', 'confirm', 'with', 'can', 'confirm', 'please', 'confirm', 'ticket', 'confirm', 'confirm', 'if', 'confirm', 'it', 'confirm', 'meaning', 'javascript', 'javascript', 'confirm', 'to', 'be', 'confirm', 'confirmation', 'confirm', 'password', 'www.xmx1.com/c', 'to', 'confirm', 'confirm', 'receipt', 'confirm', 'identity', 'jquery', 'confirm', 'confirm', 'order', 'confirm', 'dialog', 'confirm', 'with', 'you', 'confirm', 'id', 'call', 'confirm']",1
"['to', 'confirm', 'confirm', 'your', 'confirm', 'that', 'confirm', 'email', 'confirm', 'with', 'can', 'confirm', 'please', 'confirm', 'ticket', 'confirm', 'confirm', 'if', 'confirm', 'it', 'confirm', 'meaning', 'javascript', 'javascript', 'confirm', 'to', 'be', 'confirm', 'confirmation', 'confirm', 'password', 'www.xmx1.com/c', 'to', 'confirm', 'confirm', 'receipt', 'confirm', 'identity', 'jquery', 'confirm', 'confirm', 'order', 'confirm', 'dialog', 'confirm', 'with', 'you', 'confirm', 'id', 'call', 'confirm']",1
"['to', 'confirm', 'confirm', 'your', 'confirm', 'that', 'confirm', 'email', 'confirm', 'with', 'can', 'confirm', 'please', 'confirm', 'ticket', 'confirm', 'confirm', 'if', 'confirm', 'it', 'confirm', 'meaning', 'javascript', 'javascript', 'confirm', 'to', 'be', 'confirm', 'confirmation', 'confirm', 'password', 'www.xmx1.com/c', 'to', 'confirm', 'confirm', 'receipt', 'confirm', 'identity', 'jquery', 'confirm', 'confirm', 'order', 'confirm', 'dialog', 'confirm', 'with', 'you', 'confirm', 'id', 'call', 'confirm']",1
"['to', 'confirm', 'confirm', 'your', 'confirm', 'that', 'confirm', 'email', 'confirm', 'with', 'can', 'confirm', 'please', 'confirm', 'ticket', 'confirm', 'confirm', 'if', 'confirm', 'it', 'confirm', 'meaning', 'javascript', 'javascript', 'confirm', 'to', 'be', 'confirm', 'confirmation', 'confirm', 'password', 'www.xmx1.com/c', 'to', 'confirm', 'confirm', 'receipt', 'confirm', 'identity', 'jquery', 'confirm', 'confirm', 'order', 'confirm', 'dialog', 'confirm', 'with', 'you', 'confirm', 'id', 'call', 'confirm']",1
"['to', 'confirm', 'confirm', 'your', 'confirm', 'that', 'confirm', 'email', 'confirm', 'with', 'can', 'confirm', 'please', 'confirm', 'ticket', 'confirm', 'confirm', 'if', 'confirm', 'it', 'confirm', 'meaning', 'javascript', 'javascript', 'confirm', 'to', 'be', 'confirm', 'confirmation', 'confirm', 'password', 'www.xmx1.com/c', 'to', 'confirm', 'confirm', 'receipt', 'confirm', 'identity', 'jquery', 'confirm', 'confirm', 'order', 'confirm', 'dialog', 'confirm', 'with', 'you', 'confirm', 'id', 'call', 'confirm']",1
[],1
[],1
"['etm', 'aces', 'aces', 'login', 'the', 'aces', 'aces', 'limited', 'limited', 'brands', 'aces', 'limited', 'brands', 'aces', 'alamo', 'smokin', 'aces', 'tennis', 'aces', 'mario', 'aces', 'aces', 'high', 'mario', 'tennis', 'mario', 'tennis', 'aces', 'ace', 'reno', 'aces', 'black', 'aces', 'aces', 'schedule', 'alaska', 'aces', 'service', 'tax', 'aces', 'service', 'tax', 'four', 'aces', 'las', 'vegas', 'aces', 'what', 'is', 'aces', 'running', 'aces', 'aces', 'game']",1
[],1
"['eee', 'pc', 'asus', 'eee', 'asus', 'eee', 'pc', 'asus', 'uci', 'eee', 'uci', 'eee', 'syllabus', 'eee', 'engineering', 'eee', 'virus', 'ee', 'eee', 'jobs', 'eee', 'pc', 'seashell', 'driver', 'asus', 'driver', 'asus', 'eee', 'pc', 'my', 'eee', 'asus', 'eee', 'pc', 'series', 'netbook', 'asus', 'eee', 'symptoms', 'asus', 'eee', 'pc', 'windows', '7', 'eee', 'pad', 'eee', 'pc', 'seashell', 'series', 'asus', 'drivers', 'eee', 'projects', 'asus', 'eee', 'pc', 'drivers', 'what', 'is', 'eee']",1
"['eee', 'pc', 'asus', 'eee', 'asus', 'eee', 'pc', 'asus', 'uci', 'eee', 'uci', 'eee', 'syllabus', 'eee', 'engineering', 'eee', 'virus', 'ee', 'eee', 'jobs', 'eee', 'pc', 'seashell', 'driver', 'asus', 'driver', 'asus', 'eee', 'pc', 'my', 'eee', 'asus', 'eee', 'pc', 'series', 'netbook', 'asus', 'eee', 'symptoms', 'asus', 'eee', 'pc', 'windows', '7', 'eee', 'pad', 'eee', 'pc', 'seashell', 'series', 'asus', 'drivers', 'eee', 'projects', 'asus', 'eee', 'pc', 'drivers', 'what', 'is', 'eee']",1
"['facebook', 'com', 'google', 'com', 'as', 'com', 'youtube', 'com', 'facebook', 'com', 'login', 'www', 'google', 'com', 'www', 'facebook', 'com', 'booking', 'com', 'hotmail', 'com', 'satta', 'com', 'gmail', 'com', 'facebook.', 'com', 'globo', 'com', 'fb', 'com', 'matka', 'com', 'king', 'com', 'wetter', 'com', 'www', 'youtube', 'com', 'google.', 'com', 'vina24h', 'com', 'm', 'mataka', 'com', 'sarkari', 'result', 'com', 'www', 'ชิม', 'ช้', 'อป', 'ใช้', 'com', 'www', 'google', 'com', 'เป็น', 'หน้า', 'แรก', 'sattamattaka', 'com']",1
[],1
"['bio', 'instagram', 'bio', 'oil', 'bio', 'on', 'bio', 'bio', 'radio', 'sf', 'sf', 'bio', 'yapo', 'bio', 'bio', 'yapo', 'bio', 'data', 'best', 'bio', 'facebook', 'bio', 'bio', 'for', 'instagram', 'ap', 'bio', 'magasin', 'bio', 'bio', 'quotes', 'bio', 'bio', 'online', 'insta', 'bio', 'bio', 'gel', 'twitter', 'bio', 'bio', 'life', 'bio', 'meaning', 'bio', 'extratus', 'tinder', 'bio', 'bio', 'one', 'instagram', 'bio', 'quotes']",1
[],1
"['aix', 'provence', 'provence', 'aix', 'en', 'provence', 'aix', 'les', 'bains', 'marseille', 'aix', 'marseille', 'meteo', 'aix', 'la', 'provence', 'aix', 'bus', 'marseille', 'aix', 'en', 'provence', 'restaurant', 'aix', 'en', 'provence', 'meteo', 'aix', 'en', 'bus', 'hotel', 'aix', 'en', 'provence', 'aix', 'tgv', 'aix', 'les', 'milles', 'restaurant', 'aix', 'en', 'provence', 'meteo', 'aix', 'les', 'bains', 'bus', 'aix', 'en', 'provence', 'météo', 'aix', 'aix', 'la', 'chapelle', 'sncf', 'aix', 'en', 'provence', 'tgv', 'paris', 'aix', 'en', 'provence', 'ibm', 'aix']",1
[],1
"['the', 'weekend', 'things', 'to', 'do', 'this', 'weekend', 'weekend', 'weather', 'long', 'weekend', 'events', 'this', 'weekend', 'weekend', 'getaways', 'weekend', 'breaks', 'weather', 'this', 'weekend', 'hymn', 'for', 'the', 'weekend', 'weekend', 'jobs', 'memorial', 'weekend', 'palio', 'weekend', 'tax', 'free', 'weekend', 'the', 'weekend', 'lyrics', 'labor', 'day', 'weekend', 'memorial', 'day', 'weekend', 'london', 'weekend', 'weekend', 'festival', 'weekend', 'beach', 'easter', 'weekend', 'big', 'weekend', 'all', 'star', 'weekend', 'family', 'weekend', 'vampire', 'weekend', 'spa', 'weekend']",1
[],1
[],1
[],1
[],1
"['manchester', 'united', 'manchester', 'united', 'states', 'united', 'airlines', 'united', 'news', 'man', 'united', 'united', 'kingdom', 'leeds', 'united', 'manchester', 'united', 'news', 'bank', 'united', 'manchester', 'united', 'vs', 'united', 'states', 'map', 'united', 'nations', 'united', 'healthcare', 'fc', 'united', 'newcastle', 'newcastle', 'united', 'manchester', 'united', 'transfer', 'man', 'united', 'news', 'manchester', 'city', 'united', 'flights', 'liverpool', 'united', 'methodist', 'church', 'manchester', 'united', 'transfer', 'news', 'chelsea']",1
[],1
[],1
"['cox', 'and', 'cox', 'courteney', 'cox', 'cox', 'webmail', 'cox', 'cable', 'cox', 'communications', 'courtney', 'cox', 'laverne', 'cox', 'brian', 'cox', 'cox', 'internet', 'cox', 'tv', 'cox', 'login', 'cox', 'customer', 'service', 'cox', 'and', 'kings', 'cox', 'number', 'carl', 'cox', 'jo', 'cox', 'cox', 'bill', 'charlie', 'cox', 'cox', 'email', 'david', 'cox', 'friends', 'cox', 'bill', 'pay', 'jennifer', 'aniston', 'dr', 'cox', 'cox', 'store']",1
"['cox', 'and', 'cox', 'courteney', 'cox', 'cox', 'webmail', 'cox', 'cable', 'cox', 'communications', 'courtney', 'cox', 'laverne', 'cox', 'brian', 'cox', 'cox', 'internet', 'cox', 'tv', 'cox', 'login', 'cox', 'customer', 'service', 'cox', 'and', 'kings', 'cox', 'number', 'carl', 'cox', 'jo', 'cox', 'cox', 'bill', 'charlie', 'cox', 'cox', 'email', 'david', 'cox', 'friends', 'cox', 'bill', 'pay', 'jennifer', 'aniston', 'dr', 'cox', 'cox', 'store']",1
"['cox', 'and', 'cox', 'courteney', 'cox', 'cox', 'webmail', 'cox', 'cable', 'cox', 'communications', 'courtney', 'cox', 'laverne', 'cox', 'brian', 'cox', 'cox', 'internet', 'cox', 'tv', 'cox', 'login', 'cox', 'customer', 'service', 'cox', 'and', 'kings', 'cox', 'number', 'carl', 'cox', 'jo', 'cox', 'cox', 'bill', 'charlie', 'cox', 'cox', 'email', 'david', 'cox', 'friends', 'cox', 'bill', 'pay', 'jennifer', 'aniston', 'dr', 'cox', 'cox', 'store']",1
"['tw', 'yahoo', 'twitter', 'tw', 'steel', 'google', 'tw', 'youtube', 'tw', 'twitch', 'james', 'tw', 'te', 'tw', 'news', 'apple', 'tw', 'yamaha', 'tw', 'yahoo', 'com', 'tw', 'tw', 'tv', 'tw', 'stats', 'tw', 'download', 'tw', '125', 'tw', 'online', 'apple', 'daily', 'apple', 'daily', 'tw', 'lol', 'tw', 'tw', 'classic', 'sci', 'hub', 'tw', 'sci', 'hub', 'www.goole.com', 'tw', 'ジリオン', 'tw']",1
"['cox', 'and', 'cox', 'courteney', 'cox', 'cox', 'webmail', 'cox', 'cable', 'cox', 'communications', 'courtney', 'cox', 'laverne', 'cox', 'brian', 'cox', 'cox', 'internet', 'cox', 'tv', 'cox', 'login', 'cox', 'customer', 'service', 'cox', 'and', 'kings', 'cox', 'number', 'carl', 'cox', 'jo', 'cox', 'cox', 'bill', 'charlie', 'cox', 'cox', 'email', 'david', 'cox', 'friends', 'cox', 'bill', 'pay', 'jennifer', 'aniston', 'dr', 'cox', 'cox', 'store']",1
[],1
[],1
[],1
[],1
[],1
[],1
"['bio', 'instagram', 'bio', 'oil', 'bio', 'on', 'bio', 'bio', 'radio', 'sf', 'sf', 'bio', 'yapo', 'bio', 'bio', 'yapo', 'bio', 'data', 'best', 'bio', 'facebook', 'bio', 'bio', 'for', 'instagram', 'ap', 'bio', 'magasin', 'bio', 'bio', 'quotes', 'bio', 'bio', 'online', 'insta', 'bio', 'bio', 'gel', 'twitter', 'bio', 'bio', 'life', 'bio', 'meaning', 'bio', 'extratus', 'tinder', 'bio', 'bio', 'one', 'instagram', 'bio', 'quotes']",1
"['facebook', 'page', 'login', 'page', 'home', 'page', 'web', 'page', 'page', 'jaune', 'my', 'page', 'page', 'one', 'page', 'blanche', 'coloring', 'page', 'facebook', 'login', 'page', 'facebook', 'home', 'page', 'cover', 'page', 'front', 'page', 'ellen', 'page', 'landing', 'page', 'title', 'page', 'my', 'facebook', 'page', 'michael', 'page', 'fan', 'page', 'facebook', 'business', 'page', 'blank', 'page', 'start', 'page', 'jimmy', 'page', 'page', 'plus', 'page', 'speed']",1
[],1
[],1
"['craigslist', 'mn', 'rochester', 'mn', 'duluth', 'mn', 'weather', 'mn', 'minneapolis', 'mn', 'state', 'xs', 'mn', 'mn', 'twins', 'mn', 'jobs', 'st', 'cloud', 'mn', 'bloomington', 'mn', 'mn', 'wild', 'mankato', 'mn', 'mn', 'vikings', 'mn', 'news', 'alexandria', 'mn', 'so', 'so', 'mn', 'mn', 'time', 'brainerd', 'mn', 'stillwater', 'mn', 'winona', 'mn', 'mn', 'lottery', 'grand', 'rapids', 'mn', 'eden', 'prairie', 'mn', 'state', 'fair', 'mn']",1
[],1
"['eee', 'pc', 'asus', 'eee', 'asus', 'asus', 'eee', 'pc', 'eee', 'uci', 'uci', 'eee', 'engineering', 'eee', 'syllabus', 'eee', 'virus', 'eee', 'jobs', 'ee', 'asus', 'driver', 'driver', 'asus', 'eee', 'pc', 'asus', 'eee', 'pc', 'series', 'eee', 'pad', 'asus', 'drivers', 'my', 'eee', 'eee', 'pc', 'seashell', 'series', 'eee', 'symptoms', 'eee', 'projects', 'asus', 'netbook', 'asus', 'eee', 'pc', 'seashell', 'asus', 'eee', 'pc', 'windows', '7', 'asus', 'eee', 'pc', 'drivers', 'asus', 'netbook', 'eee', 'pc']",1
"['web', 'whatsapp', 'whatsapp', 'web', 'de', 'web', 'cam', 'web', 'app', 'web', 'spotify', 'spotify', 'facebook', 'web', 'web', 'player', 'spotify', 'web', 'mail', 'web', 'store', 'whats', 'web', 'web', 'design', 'deep', 'web', 'web', 'login', 'web', 'check', 'in', 'web', 'tv', 'chrome', 'web', 'store', 'web', 'browser', 'web', 'service', 'web', 'series', 'telegram', 'web', 'telegram', 'dark', 'web', 'whats', 'app', 'web']",1
[],1
"['facebook', 'com', 'google', 'com', 'as', 'com', 'youtube', 'com', 'facebook', 'com', 'login', 'www', 'google', 'com', 'www', 'facebook', 'com', 'booking', 'com', 'hotmail', 'com', 'satta', 'com', 'gmail', 'com', 'facebook.', 'com', 'fb', 'com', 'globo', 'com', 'matka', 'com', 'king', 'com', 'wetter', 'com', 'www', 'youtube', 'com', 'google.', 'com', 'vina24h', 'com', 'm', 'www', 'ชิม', 'ช้', 'อป', 'ใช้', 'com', 'mataka', 'com', 'sarkari', 'result', 'com', 'satta', 'king', 'com', 'www', 'google', 'com', 'เป็น', 'หน้า', 'แรก']",1
"['facebook', 'com', 'google', 'com', 'as', 'com', 'youtube', 'com', 'facebook', 'com', 'login', 'www', 'google', 'com', 'www', 'facebook', 'com', 'booking', 'com', 'hotmail', 'com', 'satta', 'com', 'gmail', 'com', 'facebook.', 'com', 'fb', 'com', 'globo', 'com', 'matka', 'com', 'king', 'com', 'wetter', 'com', 'www', 'youtube', 'com', 'google.', 'com', 'vina24h', 'com', 'm', 'www', 'ชิม', 'ช้', 'อป', 'ใช้', 'com', 'mataka', 'com', 'sarkari', 'result', 'com', 'satta', 'king', 'com', 'www', 'google', 'com', 'เป็น', 'หน้า', 'แรก']",1
"['125', '125', 'yz', 'yamaha', 'yz', 'yamaha', 'yz', '250', '85', 'yz', 'yz', '125', 'yamaha', 'yamaha', '125', 'yamaha', '250', 'yz', 'yz', '450', 'moto', 'yz', '80', 'yz', 'ktm', 'yamaha', 'yz', '85', 'honda', 'motor', 'yz', 'yz', 'bike', 'yz', '2016', 'yz', '2015', 'yz125', 'yz', 'movie', 'yz', '2018', 'yamaha', 'yz', '450', 'yz250', 'yz', '250f']",1
[],1
"['michael', 'kor', 'michael', 'kors', 'eva', 'kor', 'kor', 'video', 'micheal', 'kor', 'eng', 'to', 'kor', 'kor', 'izle', 'kor', 'arti', 'kor', 'filmi', 'kor', 'whitening', 'kor', 'water', 'ko', 'kor', 'film', 'eva', 'mozes', 'kor', 'kor', '2016', 'nga', 'kor', 'ming', 'michael', 'kor', 'watches', 'kor', 'online', 'odhani', 'ke', 'kor', 'se', 'kora', 'michael', 'kor', 'watch', 'kor', '2018', 'kor', 'gitar', 'michael', 'kor', 'bag', 'kor', 'one']",1
"['windows', 'dll', 'dll', 'download', 'file', 'dll', 'c#', 'c#', 'dll', 'dll', 'files', 'dll', 'error', 'dll', 'missing', 'c++', 'dll', 'visual', 'studio', 'dll', 'fixer', 'free', 'dll', 'api', 'microsoft', 'register', 'dll', 'dll', 'fix', 'open', 'dll', 'directx', 'run', 'dll', 'dll', 'files', 'download', 'dll', 'load', 'failed', 'what', 'is', 'dll', 'dll', 'indir', 'descargar', 'dll', 'dll', 'grade', '6']",1
[],1
"['125', '125', 'yz', 'yamaha', 'yz', 'yamaha', 'yz', '250', '85', 'yz', 'yz', '125', 'yamaha', 'yamaha', '125', 'yamaha', '250', 'yz', 'yz', '450', 'moto', 'yz', '80', 'yz', 'ktm', 'yamaha', 'yz', '85', 'honda', 'motor', 'yz', 'yz', 'bike', 'yz', '2016', 'yz', '2015', 'yz125', 'yz', 'movie', 'yz', '2018', 'yamaha', 'yz', '450', 'yz250', 'yz', '250f']",1
"['free', 'shipping', 'shipping', 'container', 'amazon', 'shipping', 'usps', 'shipping', 'usps', 'ups', 'shipping', 'ups', 'international', 'shipping', 'shipping', 'cost', 'shipping', 'tracking', 'ship', 'shipping', 'ship', 'shipping', 'company', 'fedex', 'fedex', 'shipping', 'ebay', 'shipping', 'shipping', 'containers', 'shipping', 'address', 'car', 'shipping', 'shipping', 'companies', 'shipping', 'label', 'shipping', 'boxes', 'drop', 'shipping', 'china', 'shipping', 'standard', 'shipping', 'amazon', 'free', 'shipping']",1
"['naira', 'to', 'cefa', 'cefa', 'toys', 'cfa', 'cefa', 'ne', 'demek', 'cefa', 'cure', 'sefa', 'colegio', 'cefa', 'cursos', 'cefa', 'cefa', 'anlamı', 'cefa', 'bruxelles', 'cefa', 'cursos', 'cefa', 'cure', 'tabs', 'cefa', 'nedir', 'billur', 'cefa', 'to', 'cedis', 'vefa', 'cefa', 'costa', 'rica', 'exchange', 'rate', 'cefa', 'medellin', 'cefa', 'eş', 'anlamlısı', 'cefa', 'sözlük', 'anlamı', 'instituto', 'cefa', 'cerfa', 'billur', 'eş', 'anlamlısı', 'billur', 'sözlük', 'anlamı']",1
"['naira', 'to', 'cefa', 'cefa', 'toys', 'cfa', 'cefa', 'ne', 'demek', 'cefa', 'cure', 'sefa', 'colegio', 'cefa', 'cursos', 'cefa', 'cefa', 'anlamı', 'cefa', 'bruxelles', 'cefa', 'cursos', 'cefa', 'cure', 'tabs', 'cefa', 'nedir', 'billur', 'cefa', 'to', 'cedis', 'vefa', 'cefa', 'costa', 'rica', 'exchange', 'rate', 'cefa', 'medellin', 'cefa', 'eş', 'anlamlısı', 'cefa', 'sözlük', 'anlamı', 'instituto', 'cefa', 'cerfa', 'billur', 'eş', 'anlamlısı', 'billur', 'sözlük', 'anlamı']",1
"['jc', 'penny', 'jc', 'penney', 'jcpenney', 'jc', 'penneys', 'jc', 'online', 'roda', 'jc', 'jc', 'whitney', 'jk', 'jc', 'pennys', 'macys', 'jc', 'caylen', 'kohls', 'jc', '漫画', 'jc', 'concursos', 'target', 'sears', 'jc', 'salon', 'jc', 'and', 'kian', 'jc', 'auto', 'jc', 'la', 'nevula', 'jc', 'penneys', 'coupons', 'jc', 'chasez', 'jc', 'net', 'twitter', 'jc', 'jc', 'penny', 'coupon']",1
"['free', 'shipping', 'shipping', 'container', 'amazon', 'shipping', 'usps', 'shipping', 'usps', 'ups', 'shipping', 'ups', 'international', 'shipping', 'shipping', 'cost', 'shipping', 'tracking', 'ship', 'shipping', 'ship', 'shipping', 'company', 'fedex', 'fedex', 'shipping', 'ebay', 'shipping', 'shipping', 'containers', 'shipping', 'address', 'car', 'shipping', 'shipping', 'companies', 'shipping', 'label', 'shipping', 'boxes', 'drop', 'shipping', 'china', 'shipping', 'standard', 'shipping', 'amazon', 'free', 'shipping']",1
"['www', 'zzz', 'www', 'zzz', 'hd', 'zz', 'zz', 'zzz', 'zzz', 'com', 'zzzz', 'emoji', 'zzz', 'zzzz', 'zzz', 'xxxx', 'xx', 'sleep', 'zzz', 'yyy', 'sss', 'zzz', 'google', 'zzz', 'youtube', 'z', 'zz', 'zzz', 'zzz', 'bf', 'ccc', 'zzz', 'meaning', 'zzz', 'streaming', 'vvv', 'xxxxx', 'zzz', 'zzz', 'zzz', 'zzz', 'song', 'zzz', 'top']",1
"['www', 'zzz', 'www', 'zzz', 'hd', 'zz', 'zz', 'zzz', 'zzz', 'com', 'zzzz', 'emoji', 'zzz', 'zzzz', 'zzz', 'xxxx', 'xx', 'sleep', 'zzz', 'yyy', 'sss', 'zzz', 'google', 'zzz', 'youtube', 'z', 'zz', 'zzz', 'zzz', 'bf', 'ccc', 'zzz', 'meaning', 'zzz', 'streaming', 'vvv', 'xxxxx', 'zzz', 'zzz', 'zzz', 'zzz', 'song', 'zzz', 'top']",1
"['facebook', 'com', 'google', 'com', 'as', 'com', 'youtube', 'com', 'facebook', 'com', 'login', 'www', 'google', 'com', 'booking', 'com', 'www', 'facebook', 'com', 'satta', 'com', 'gmail', 'com', 'facebook.', 'com', 'fb', 'com', 'globo', 'com', 'matka', 'com', 'wetter', 'com', 'www', 'youtube', 'com', 'goal', 'com', 'google.', 'com', 'tg', 'com', '価格', 'com', 'sonhar', 'com', 'cobra', 'vina24h', 'com', 'm', 'www', 'ชิม', 'ช้', 'อป', 'ใช้', 'com', 'sarkari', 'result', 'com', 'www', 'google', 'com', 'เป็น', 'หน้า', 'แรก']",1
"['monsters', 'inc', 'monster', 'inc', 'monster', 'plague', 'inc', 'google', 'inc', 'corporation', 'inc', 'time', 'inc', 'food', 'inc', 'apple', 'inc', 'facebook', 'inc', 'wrestling', 'inc', 'blue', 'inc', 'boo', 'feel', 'good', 'inc', 'boo', 'monsters', 'inc', 'inc', 'meaning', 'inc', 'research', 'box', 'inc', 'nails', 'inc', 'love', 'inc', 'prime', 'inc', 'kids', 'inc', 'wholesale', 'inc', 'egg', 'inc', 'snap', 'inc']",1
"['a', 'or', 'an', 'an', 'ninh', 'cong', 'an', 'an', 'post', 'hoi', 'an', 'bao', 'cong', 'an', 'nghe', 'an', 'an', 'education', 'nau', 'an', 'grams', 'in', 'an', 'ounce', 'bao', 'an', 'ninh', 'set', 'an', 'alarm', 'how', 'many', 'grams', 'in', 'an', 'ounce', 'mülheim', 'an', 'der', 'ruhr', 'anne', 'with', 'an', 'e', 'nguoi', 'bi', 'an', 'how', 'to', 'boil', 'an', 'egg', 'how', 'to', 'write', 'an', 'essay', 'xổ', 'số', 'an', 'giang', 'xo', 'so', 'an', 'giang', 'an', 'inspector', 'calls', 'xổ', 'số', 'long', 'an', 'how', 'to', 'delete', 'an', 'instagram', 'account', 'an', 'american', 'in', 'paris', 'what', 'is', 'an', 'angry', 'dragon']",1
"['la', 'prima', 'mi', 'prima', 'prima', 'casa', 'prima', 'pagina', 'materia', 'prima', 'tv', 'prima', 'come', 'prima', 'prima', 'donna', 'prima', 'volta', 'prima', 'guerra', 'mondiale', 'prima', 'classe', 'la', 'prima', 'volta', 'lecce', 'prima', 'prima', 'facie', 'aniversario', 'prima', 'prima', 'feliz', 'cumpleaños', 'prima', 'comunione', 'media', 'prima', 'feliz', 'cumpleaños', 'prima', 'de', 'riesgo', 'prima', 'play', 'prima', 'vista', 'prima', 'serata', 'tv', 'prima', 'online', 'prima', 'banka']",1
"['facebook', 'com', 'google', 'com', 'as', 'com', 'youtube', 'com', 'facebook', 'com', 'login', 'www', 'google', 'com', 'booking', 'com', 'www', 'facebook', 'com', 'satta', 'com', 'gmail', 'com', 'facebook.', 'com', 'fb', 'com', 'globo', 'com', 'matka', 'com', 'wetter', 'com', 'www', 'youtube', 'com', 'goal', 'com', 'google.', 'com', 'tg', 'com', '価格', 'com', 'sonhar', 'com', 'cobra', 'vina24h', 'com', 'm', 'www', 'ชิม', 'ช้', 'อป', 'ใช้', 'com', 'sarkari', 'result', 'com', 'www', 'google', 'com', 'เป็น', 'หน้า', 'แรก']",1
"['bpm', 'banking', 'bpm', 'banco', 'bpm', 'heart', 'bpm', 'rate', 'heart', 'rate', 'bpm', 'heart', 'rate', 'what', 'bpm', 'what', 'is', 'bpm', 'bpm', 'songs', 'normal', 'bpm', 'bpm', 'quotazione', 'resting', 'bpm', 'bpm', 'resting', 'bpm', 'music', 'ibm', 'bpm', 'bpm', 'banca', 'bpm', 'azioni', 'bpm', 'song', 'banco', 'bpm', 'quotazione', 'online', 'bpm', 'bpm', 'berekenen', 'bpm', 'counter', '120', 'bpm', 'resting', 'heart', 'rate', 'banco', 'bpm', 'azioni']",1
"['bpm', 'banking', 'bpm', 'banco', 'bpm', 'heart', 'bpm', 'rate', 'heart', 'rate', 'bpm', 'heart', 'rate', 'what', 'bpm', 'what', 'is', 'bpm', 'bpm', 'songs', 'normal', 'bpm', 'bpm', 'quotazione', 'resting', 'bpm', 'bpm', 'resting', 'bpm', 'music', 'ibm', 'bpm', 'bpm', 'banca', 'bpm', 'azioni', 'bpm', 'song', 'banco', 'bpm', 'quotazione', 'online', 'bpm', 'bpm', 'berekenen', 'bpm', 'counter', '120', 'bpm', 'resting', 'heart', 'rate', 'banco', 'bpm', 'azioni']",1
"['java', 'utils', 'string', 'utils', 'utils', 'python', 'apache', 'utils', 'java', 'string', 'utils', 'vue', 'test', 'utils', 'util', 'utility', 'github', 'django', 'utils', 'sao', 'utils', 'sao', 'apache', 'commons', 'react', 'test', 'utils', 'apache', 'string', 'utils', 'can', 'utils', 'mob', 'grinding', 'utils', 'vk', 'utils', 'extra', 'utils', '2', 'tcp', 'ip', 'utils', 'servicenow', 'utils', 'eci', 'utils', 'daoc', 'utils']",1
"['cox', 'and', 'cox', 'webmail', 'cox', 'courteney', 'cox', 'cox', 'cable', 'cox', 'communications', 'courtney', 'cox', 'laverne', 'cox', 'brian', 'cox', 'cox', 'internet', 'cox', 'tv', 'cox', 'login', 'cox', 'and', 'kings', 'cox', 'number', 'cox', 'customer', 'service', 'carl', 'cox', 'cox', 'bill', 'jo', 'cox', 'cox', 'email', 'friends', 'david', 'cox', 'charlie', 'cox', 'pay', 'cox', 'bill', 'dr', 'cox', 'jennifer', 'aniston', 'john', 'cox']",1
[],1
"['cox', 'and', 'cox', 'webmail', 'cox', 'courteney', 'cox', 'cox', 'cable', 'cox', 'communications', 'courtney', 'cox', 'laverne', 'cox', 'brian', 'cox', 'cox', 'internet', 'cox', 'tv', 'cox', 'login', 'cox', 'and', 'kings', 'cox', 'number', 'cox', 'customer', 'service', 'carl', 'cox', 'cox', 'bill', 'jo', 'cox', 'cox', 'email', 'friends', 'david', 'cox', 'charlie', 'cox', 'pay', 'cox', 'bill', 'dr', 'cox', 'jennifer', 'aniston', 'john', 'cox']",1
"['java', 'utils', 'string', 'utils', 'utils', 'python', 'apache', 'utils', 'java', 'string', 'utils', 'vue', 'test', 'utils', 'util', 'utility', 'github', 'django', 'utils', 'sao', 'utils', 'sao', 'apache', 'commons', 'react', 'test', 'utils', 'apache', 'string', 'utils', 'can', 'utils', 'mob', 'grinding', 'utils', 'vk', 'utils', 'extra', 'utils', '2', 'tcp', 'ip', 'utils', 'servicenow', 'utils', 'eci', 'utils', 'daoc', 'utils']",1
"['cox', 'and', 'cox', 'webmail', 'cox', 'courteney', 'cox', 'cox', 'cable', 'cox', 'communications', 'courtney', 'cox', 'laverne', 'cox', 'brian', 'cox', 'cox', 'internet', 'cox', 'tv', 'cox', 'login', 'cox', 'and', 'kings', 'cox', 'number', 'cox', 'customer', 'service', 'carl', 'cox', 'cox', 'bill', 'jo', 'cox', 'cox', 'email', 'friends', 'david', 'cox', 'charlie', 'cox', 'pay', 'cox', 'bill', 'dr', 'cox', 'jennifer', 'aniston', 'john', 'cox']",1
"['cox', 'and', 'cox', 'webmail', 'cox', 'courteney', 'cox', 'cox', 'cable', 'cox', 'communications', 'courtney', 'cox', 'laverne', 'cox', 'brian', 'cox', 'cox', 'internet', 'cox', 'tv', 'cox', 'login', 'cox', 'and', 'kings', 'cox', 'number', 'cox', 'customer', 'service', 'carl', 'cox', 'cox', 'bill', 'jo', 'cox', 'cox', 'email', 'friends', 'david', 'cox', 'charlie', 'cox', 'pay', 'cox', 'bill', 'dr', 'cox', 'jennifer', 'aniston', 'john', 'cox']",1
"['aol', 'mail', 'login', 'aol', 'aol', 'news', 'aol', 'mail', 'login', 'email', 'aol', 'aol', 'uk', 'aol', 'sign', 'in', 'aol', 'weather', 'my', 'aol', 'aol', 'uk', 'mail', 'aol', 'mail', 'sign', 'aol', 'de', 'aol', 'mail', 'sign', 'in', 'my', 'aol', 'mail', 'aol', 'webmail', 'aol.com', 'aol', 'mail', 'email', 'aol', 'com', 'aol', 'email', 'login', 'aol', 'giriş', 'aol', 'öğrenci', 'girişi', 'aol', 'öğrenci', 'giriş', 'aol', 'log', 'in', 'aol', 'com', 'login', 'aol', 'co', 'uk']",1
"['to', 'be', 'or', 'not', 'to', 'be', 'truth', 'or', 'dare', 'either', 'or', 'dead', 'or', 'alive', 'yes', 'or', 'no', 'trick', 'or', 'treat', 'black', 'or', 'white', 'whether', 'or', 'not', 'ready', 'or', 'not', 'flip', 'or', 'flop', 'with', 'or', 'without', 'you', 'all', 'or', 'nothing', 'hot', 'or', 'not', 'hell', 'or', 'high', 'water', 'truth', 'or', 'dare', 'questions', 'deal', 'or', 'no', 'deal', 'higher', 'or', 'lower', 'believe', 'it', 'or', 'not', 'or', 'nah', 'hit', 'or', 'miss', 'trunk', 'or', 'treat', 'facebook', 'sign', 'up', 'or', 'login', 'ride', 'or', 'die', 'ballon', 'd', 'or', 'pronostic', 'en', 'or']",1
[],1
"['aix', 'provence', 'provence', 'aix', 'en', 'provence', 'aix', 'les', 'bains', 'marseille', 'aix', 'marseille', 'meteo', 'aix', 'la', 'provence', 'aix', 'bus', 'marseille', 'aix', 'en', 'provence', 'restaurant', 'aix', 'en', 'provence', 'meteo', 'aix', 'en', 'bus', 'hotel', 'aix', 'en', 'provence', 'aix', 'tgv', 'aix', 'les', 'milles', 'restaurant', 'aix', 'en', 'provence', 'meteo', 'aix', 'les', 'bains', 'bus', 'aix', 'en', 'provence', 'météo', 'aix', 'aix', 'la', 'chapelle', 'sncf', 'aix', 'en', 'provence', 'tgv', 'paris', 'aix', 'en', 'provence', 'ibm', 'aix']",1
"['facebook', 'com', 'as', 'com', 'google', 'com', 'youtube', 'com', 'facebook', 'com', 'login', 'www', 'google', 'com', 'www', 'facebook', 'com', 'satta', 'com', 'booking', 'com', 'hotmail', 'com', 'gmail', 'com', 'fb', 'com', 'facebook.', 'com', 'globo', 'com', 'matka', 'com', 'wetter', 'com', 'google.', 'com', 'www', 'youtube', 'com', 'amazon', 'com', 'goal', 'com', 'tg', 'com', 'vina24h', 'com', 'm', 'www', 'ชิม', 'ช้', 'อป', 'ใช้', 'com', 'mataka', 'com', 'sarkari', 'result', 'com']",1
"['facebook', 'com', 'as', 'com', 'google', 'com', 'youtube', 'com', 'facebook', 'com', 'login', 'www', 'google', 'com', 'www', 'facebook', 'com', 'satta', 'com', 'booking', 'com', 'hotmail', 'com', 'gmail', 'com', 'fb', 'com', 'facebook.', 'com', 'globo', 'com', 'matka', 'com', 'wetter', 'com', 'google.', 'com', 'www', 'youtube', 'com', 'amazon', 'com', 'goal', 'com', 'tg', 'com', 'vina24h', 'com', 'm', 'www', 'ชิม', 'ช้', 'อป', 'ใช้', 'com', 'mataka', 'com', 'sarkari', 'result', 'com']",1
"['java', 'utils', 'string', 'utils', 'utils', 'python', 'apache', 'utils', 'java', 'string', 'utils', 'vue', 'test', 'utils', 'util', 'utility', 'github', 'django', 'utils', 'sao', 'utils', 'sao', 'apache', 'commons', 'react', 'test', 'utils', 'apache', 'string', 'utils', 'can', 'utils', 'mob', 'grinding', 'utils', 'vk', 'utils', 'extra', 'utils', '2', 'tcp', 'ip', 'utils', 'servicenow', 'utils', 'eci', 'utils', 'daoc', 'utils']",1
"['en', 'rique', 'rique', 'renner', 'rique', 'e', 'renner', 'musica', 'rique', 'rene', 'rique', 'rener', 'rique', 'iglesias', 'rique', 'e', 'rene', 'en', 'rique', 'iglesias', 'rique', 'e', 'rener', 'rique', 'iglesia', 'musicas', 'enrique', 'iglesias', 'rique', 'martin', 'roque', 'en', 'rique', 'iglesia', 'musica', 'rique', 'e', 'renner', 'rique', 'e', 'juliano', 'ricardo', 'rique', 'mc', 'rique', 'enriqueta', 'compte', 'y', 'rique', 'rique', 'renner', 'mae', 'key', 'rique', 'musica', 'rique', 'renner', 'mae', 'henrique', 'e', 'juliano']",1
"['de', 'par', 'on', 'par', 'ghar', 'par', 'meteo', 'heure', 'par', 'heure', 'youtube', 'par', 'taare', 'zameen', 'par', 'par', 'perfeito', 'deux', 'par', 'deux', 'numero', 'par', 'led', 'par', 'synonyme', 'par', 'meaning', 'trois', 'fois', 'par', 'jour', 'par', 'value', 'par', 'contre', 'par', 'amour', 'coafuri', 'tere', 'dar', 'par', 'sanam', 'calories', 'par', 'jour', 'ghar', 'titli', 'ka', 'par', 'din', 'par', 'din', 'duno', 'latke', 'realisation', 'par', '120', 'battements', 'par', 'minute', 'tere', 'dar', 'par', 'sanam', 'chale', 'aaye', 'recherche', 'par', 'image']",1
[],1
[],1
"['my', 'love', 'my', 'life', 'my', 'account', 'google', 'my', 'my', 'name', 'my', 'facebook', 'my', 'ip', 'my', 'girl', 'my', 'location', 'my', 'way', 'my', 'little', 'pony', 'my', 'mp3', 'my', 'pay', 'make', 'my', 'trip', 'my', 'school', 'book', 'my', 'show', 'my', 'address', 'my', 'family', 'my', 'email', 'my', 'mail', 'what', 'is', 'my', 'ip', 'find', 'my', 'iphone', 'rate', 'my', 'professor', 'my', 'chart', 'my', 'days']",1
"['official', 'website', 'free', 'website', 'google', 'website', 'my', 'website', 'website', 'design', 'create', 'website', 'facebook', 'website', 'wordpress', 'how', 'to', 'make', 'website', 'movie', 'website', 'template', 'website', 'create', 'a', 'website', 'make', 'a', 'website', 'website', 'builder', 'website', 'templates', 'movies', 'website', 'how', 'to', 'create', 'website', 'website', 'down', 'how', 'to', 'make', 'a', 'website', 'wedding', 'website', 'citation', 'website', 'translate', 'website', 'seo', 'website', 'how', 'to', 'create', 'a', 'website', 'wix', 'website']",1
"['my', 'love', 'my', 'life', 'my', 'account', 'google', 'my', 'my', 'name', 'my', 'facebook', 'my', 'ip', 'my', 'girl', 'my', 'location', 'my', 'way', 'my', 'little', 'pony', 'my', 'mp3', 'my', 'pay', 'make', 'my', 'trip', 'my', 'school', 'book', 'my', 'show', 'my', 'address', 'my', 'family', 'my', 'email', 'my', 'mail', 'what', 'is', 'my', 'ip', 'find', 'my', 'iphone', 'rate', 'my', 'professor', 'my', 'chart', 'my', 'days']",1
[],1
[],1
[],1
"['secure', 'login', 'secure', 'server', '3d', 'secure', 'secure', 'email', 'secure', 'password', 'secure', 'access', 'secure', 'boot', 'secure', 'code', 'secure', 'parking', 'vpn', 'secure', 'vpn', 'secure', 'safe', 'secure', 'it', 'secure', 'storage', 'credit', 'secure', 'pulse', 'secure', 'home', 'secure', 'secure', 'mail', 'secure', 'services', 'secure', 'folder', 'all', 'secure', 'go', 'secure', 'secure', 'browser', 'secure', 'trust', 'secure', 'life']",1
[],1
[],1
"['rak', 'bank', 'horoskop', 'rak', 'horoskop', 'rak', 'piring', 'rak', 'buku', 'rak', 'sepatu', 'rak', 'tv', 'rak', 'minimalis', 'rak', 'su', 'rak', 'kayu', 'rak', 'dinding', 'rak', 'online', 'rak', 'jelita', 'rak', 'besi', 'rak', 'piersi', 'rak', 'gantung', 'rak', 'jelita', 'grubego', 'rak', 'płuc', 'rak', 'ceramics', 'rak', 'bank', 'online', 'rak', 'trzustki', 'rak', 'macicy', 'rak', 'jajnika', 'rak', 'dapur', 'rak', 'baju']",1
"['cbd', 'oil', 'melbourne', 'cbd', 'sydney', 'cbd', 'hemp', 'thc', 'thc', 'cbd', 'vape', 'cbd', 'what', 'is', 'cbd', 'buy', 'cbd', 'cbd', 'hemp', 'oil', 'cbd', 'near', 'me', 'hemp', 'oil', 'brisbane', 'cbd', 'cbd', 'legal', 'cbd', 'shop', 'cbd', 'uk', 'cbd', 'benefits', 'cbd', 'gummies', 'cbd', 'cannabis', 'cbd', 'anxiety', 'cbd', 'vape', 'oil', 'cbd', 'store', 'buy', 'cbd', 'oil', 'cbd', 'for', 'pain', 'cbd', 'öl']",1
"['cbd', 'oil', 'melbourne', 'cbd', 'sydney', 'cbd', 'hemp', 'thc', 'thc', 'cbd', 'vape', 'cbd', 'what', 'is', 'cbd', 'buy', 'cbd', 'cbd', 'hemp', 'oil', 'cbd', 'near', 'me', 'hemp', 'oil', 'brisbane', 'cbd', 'cbd', 'legal', 'cbd', 'shop', 'cbd', 'uk', 'cbd', 'benefits', 'cbd', 'gummies', 'cbd', 'cannabis', 'cbd', 'anxiety', 'cbd', 'vape', 'oil', 'cbd', 'store', 'buy', 'cbd', 'oil', 'cbd', 'for', 'pain', 'cbd', 'öl']",1
"['mercato', 'om', 'mercato', 'om', 'shanti', 'om', 'shanti', 'om', 'psg', 'psg', 'om', 'om', 'namah', 'shivaya', 'foot', 'om', 'foot', 'om', 'sai', 'mantra', 'om', 'om', 'jai', 'jagdish', 'om', 'telolet', 'om', 'telolet', 'om', 'om', 'transfert', 'hari', 'om', 'transfert', 'om', 'tv', 'om', 'puri', 'match', 'om', 'om', 'meaning', 'om', 'prakash', 'om', 'namah', 'shivay', 'om', 'jai', 'jagdish', 'hare', 'om', 'mani', 'padme', 'hum']",1
"['public', 'school', 'public', 'library', 'the', 'public', 'public', 'health', 'public', 'holidays', 'service', 'public', 'public', 'bank', 'public', 'holiday', 'public', 'jobs', 'public', 'records', 'public', 'transport', 'public', 'relations', 'public', 'house', 'public', 'storage', 'public', 'safety', 'bien', 'public', 'notary', 'public', 'public', 'policy', 'public', 'administration', 'public', 'speaking', 'public', 'tv', 'le', 'bien', 'public', 'public', 'access', 'public', 'search', 'public', 'domain']",1
"['my', 'love', 'my', 'life', 'my', 'account', 'google', 'my', 'my', 'name', 'my', 'facebook', 'my', 'ip', 'my', 'girl', 'my', 'location', 'my', 'way', 'my', 'little', 'pony', 'my', 'mp3', 'my', 'pay', 'make', 'my', 'trip', 'my', 'school', 'book', 'my', 'show', 'my', 'address', 'my', 'family', 'my', 'email', 'my', 'mail', 'what', 'is', 'my', 'ip', 'find', 'my', 'iphone', 'rate', 'my', 'professor', 'my', 'chart', 'my', 'days']",1
"['form', 'validation', 'data', 'validation', 'jquery', 'validation', 'jquery', 'javascript', 'javascript', 'validation', 'email', 'validation', 'validation', 'error', 'validation', 'code', 'data', 'validation', 'excel', 'input', 'validation', 'cross', 'validation', 'validation', 'in', 'javascript', 'html', 'validation', 'php', 'validation', 'what', 'is', 'validation', 'verification', 'validation', 'angular', 'validation', 'model', 'validation', 'verification', 'validation', 'laravel', 'mvc', 'validation', 'method', 'validation', 'bootstrap', 'validation', 'bootstrap']",1
"['midge', 'ure', 'ur', 'de', 'ure', 'pomen', 'ure', 'skagen', 'skagen', 'ure', 'rolex', 'rolex', 'ure', 'dame', 'ure', 'ure', 'words', 'mary', 'ure', 'omega', 'omega', 'ure', 'seiko', 'ure', 'guld', 'og', 'ure', 'marc', 'jacobs', 'marc', 'jacobs', 'ure', 'uradne', 'ure', 'upravna', 'enota', 'upravna', 'enota', 'ure', '2018', 'herre', 'ure', 'ure', 'river', 'michael', 'ure', 'midge', 'ure', 'the', 'man', 'who', 'sold', 'the', 'world', 'ure', 'til', 'mænd']",1
[],1
[],1
"['co', 'to', 'jest', 'co', 'op', 'denver', 'co', 'co', 'to', 'znaczy', 'www', 'google', 'co', 'th', 'เป็น', 'หน้า', 'แรก', 'ca', 'co', 'tiffany', 'co', 'co', 'tuong', 'tiffany', 'and', 'co', 'co', 'dau', '8', 'tuoi', 'co', 'tich', 'seznam', 'najdu', 'tam', 'co', 'neznám', 'seznam', 'najdu', 'tam', 'co', 'neznám', 'seznam', 'seznam', 'najdu', 'tam', 'co', 'neznám', 'seznam', 'seznam', 'aurora', 'co', 'tan', 'co', 'wwww.google.com', 'co', 'grand', 'junction', 'co', 'greeley', 'co', 'loveland', 'co', 'co', 'op', 'bank', 'co', 'up', 'fort', 'collins', 'co', 'co', 'operative', 'phim', 'co', 'dau', '8', 'tuoi']",1
[],1
"['ce', 'soir', 'ce', 'tv', 'tv', 'ce', 'soir', 'est', 'ce', 'que', 'programme', 'ce', 'soir', 'ce', 'inseamna', 'programme', 'tv', 'ce', 'soir', 'qui', 'est', 'ce', 'ca', 'ce', 'detran', 'ce', 'tele', 'ce', 'soir', 'the', 'ce', 'fortaleza', 'ce', 'match', 'ce', 'soir', 'télé', 'ce', 'soir', 'programme', 'de', 'ce', 'soir', 'programme', 'télé', 'windows', 'ce', 'programme', 'télé', 'ce', 'soir', 'tnt', 'ce', 'soir', 'olx', 'ce', 'de', 'ce', 'fait', 'caserta', 'ce', 'sefaz', 'ce', 'cosa', 'ce', 'in', 'tv']",1
[],1
[],1
[],1
"['java', 'utils', 'string', 'utils', 'utils', 'python', 'apache', 'utils', 'java', 'string', 'utils', 'vue', 'test', 'utils', 'util', 'utility', 'github', 'django', 'utils', 'sao', 'utils', 'sao', 'apache', 'commons', 'react', 'test', 'utils', 'apache', 'string', 'utils', 'can', 'utils', 'mob', 'grinding', 'utils', 'vk', 'utils', 'extra', 'utils', '2', 'tcp', 'ip', 'utils', 'servicenow', 'utils', 'eci', 'utils', 'daoc', 'utils']",1
"['cu', 'zn', 'cu', 'fe', 'mg', 'al', 'na', 'zn', 'hcl', 'hcl', 'zn', 'zinc', 'zinc', 'imoveis', 'zn', 'what', 'is', 'zn', 'element', 'zn', 'da', 'zn', 'zn', 'mass', 'pb', 'ag', 'co', 'zn', 'h2so4', 'zn', 'stock', 'ca', 'mn', 'zn', 'periodic', 'table', 'sn', 'mass', 'of', 'zn']",1
"['cu', 'zn', 'cu', 'fe', 'mg', 'al', 'na', 'zn', 'hcl', 'hcl', 'zn', 'zinc', 'zinc', 'imoveis', 'zn', 'what', 'is', 'zn', 'element', 'zn', 'da', 'zn', 'zn', 'mass', 'pb', 'ag', 'co', 'zn', 'h2so4', 'zn', 'stock', 'ca', 'mn', 'zn', 'periodic', 'table', 'sn', 'mass', 'of', 'zn']",1
[],1
"['dos', 'santos', 'significado', 'dia', 'dos', 'pais', 'dia', 'dos', 'namorados', 'google', 'dos', 'loteria', 'dos', 'sonhos', 'liga', 'dos', 'campeões', 'sac', 'a', 'dos', 'angra', 'dos', 'reis', 'juegos', 'de', 'dos', 'dos', 'hermanas', 'são', 'josé', 'dos', 'campos', 'dos', 'puntos', 'significado', 'dos', 'sonhos', 'greve', 'dos', 'caminhoneiros', 'juegos', 'para', 'dos', 'noticias', 'dos', 'famosos', 'signos', 'ms', 'dos', 'dos', 'lagos', 'porta', 'dos', 'fundos', 'sac', 'à', 'dos', 'radio', 'dos', 'un', 'dos', 'tres', 'loteria', 'dos', 'sonhos', 'resultado']",1
"['dhl', 'tracking', 'dhl', 'sendungsverfolgung', 'sendungsverfolgung', 'dhl', 'paket', 'dhl', 'express', 'dhl', 'de', 'sendeverfolgung', 'dhl', 'dhl', 'post', 'post', 'dhl', 'rastreo', 'dhl', 'number', 'fedex', 'ups', 'hermes', 'dhl', 'online', 'dhl', 'service', 'dhl', 'international', 'dhl', 'contact', 'dhl', 'global', 'päckchen', 'dhl', 'dhl', 'preise', 'dhl', 'sendungsverfolgung', 'paket', 'dhl', 'courier', 'dhl', 'parcel', 'track', 'dhl']",1
"['windows', 'upgrade', 'windows', '10', 'upgrade', 'windows', '10', 'upgrade', 'to', 'windows', '10', 'upgrade', 'you', 'upgrade', 'iphone', 'upgrade', 'ram', 'windows', '7', 'upgrade', 'phone', 'upgrade', 'android', 'upgrade', 'samsung', 'upgrade', 'upgrade', 'to', 'windows', '7', 'windows', '10', 'upgrade', 'free', 'windows', '10', 'free', 'how', 'to', 'upgrade', 'to', 'windows', '10', 'upgrade', 'ubuntu', 'windows', '7', 'to', 'windows', '10', 'upgrade', 'upgrade', 'windows', '7', 'to', '10', 'windows', '8', 'upgrade', 'verizon', 'upgrade', 'windows', '8.1', 'upgrade', 'upgrade', '2018', 'download', 'windows', '10', 'ee', 'upgrade', 'windows', '10', 'update']",1
"['windows', 'upgrade', 'windows', '10', 'upgrade', 'windows', '10', 'upgrade', 'to', 'windows', '10', 'upgrade', 'you', 'upgrade', 'iphone', 'upgrade', 'ram', 'windows', '7', 'upgrade', 'phone', 'upgrade', 'android', 'upgrade', 'samsung', 'upgrade', 'upgrade', 'to', 'windows', '7', 'windows', '10', 'upgrade', 'free', 'windows', '10', 'free', 'how', 'to', 'upgrade', 'to', 'windows', '10', 'upgrade', 'ubuntu', 'windows', '7', 'to', 'windows', '10', 'upgrade', 'upgrade', 'windows', '7', 'to', '10', 'windows', '8', 'upgrade', 'verizon', 'upgrade', 'windows', '8.1', 'upgrade', 'upgrade', '2018', 'download', 'windows', '10', 'ee', 'upgrade', 'windows', '10', 'update']",1
"['windows', 'upgrade', 'windows', '10', 'upgrade', 'windows', '10', 'upgrade', 'to', 'windows', '10', 'upgrade', 'you', 'upgrade', 'iphone', 'upgrade', 'ram', 'windows', '7', 'upgrade', 'phone', 'upgrade', 'android', 'upgrade', 'samsung', 'upgrade', 'upgrade', 'to', 'windows', '7', 'windows', '10', 'upgrade', 'free', 'windows', '10', 'free', 'how', 'to', 'upgrade', 'to', 'windows', '10', 'upgrade', 'ubuntu', 'windows', '7', 'to', 'windows', '10', 'upgrade', 'upgrade', 'windows', '7', 'to', '10', 'windows', '8', 'upgrade', 'verizon', 'upgrade', 'windows', '8.1', 'upgrade', 'upgrade', '2018', 'download', 'windows', '10', 'ee', 'upgrade', 'windows', '10', 'update']",1
"['windows', 'upgrade', 'windows', '10', 'upgrade', 'windows', '10', 'upgrade', 'to', 'windows', '10', 'upgrade', 'you', 'upgrade', 'iphone', 'upgrade', 'ram', 'windows', '7', 'upgrade', 'phone', 'upgrade', 'android', 'upgrade', 'samsung', 'upgrade', 'upgrade', 'to', 'windows', '7', 'windows', '10', 'upgrade', 'free', 'windows', '10', 'free', 'how', 'to', 'upgrade', 'to', 'windows', '10', 'upgrade', 'ubuntu', 'windows', '7', 'to', 'windows', '10', 'upgrade', 'upgrade', 'windows', '7', 'to', '10', 'windows', '8', 'upgrade', 'verizon', 'upgrade', 'windows', '8.1', 'upgrade', 'upgrade', '2018', 'download', 'windows', '10', 'ee', 'upgrade', 'windows', '10', 'update']",1
"['windows', 'upgrade', 'windows', '10', 'upgrade', 'windows', '10', 'upgrade', 'to', 'windows', '10', 'upgrade', 'you', 'upgrade', 'iphone', 'upgrade', 'ram', 'windows', '7', 'upgrade', 'phone', 'upgrade', 'android', 'upgrade', 'samsung', 'upgrade', 'upgrade', 'to', 'windows', '7', 'windows', '10', 'upgrade', 'free', 'windows', '10', 'free', 'how', 'to', 'upgrade', 'to', 'windows', '10', 'upgrade', 'ubuntu', 'windows', '7', 'to', 'windows', '10', 'upgrade', 'upgrade', 'windows', '7', 'to', '10', 'windows', '8', 'upgrade', 'verizon', 'upgrade', 'windows', '8.1', 'upgrade', 'upgrade', '2018', 'download', 'windows', '10', 'ee', 'upgrade', 'windows', '10', 'update']",1
"['bob', 'marley', 'bob', 'esponja', 'bob', 'dylan', 'bob', 'ross', 'long', 'bob', 'bob', 'evans', 'bob', 'hair', 'short', 'bob', 'bob', 'hairstyles', 'bob', 'seger', 'billy', 'bob', 'street', 'bob', 'bob', 'haircut', 'sponge', 'bob', 'bob', 'cut', 'corte', 'bob', 'bob', 'the', 'builder', 'bob', 'online', 'big', 'bob', 'bob', 'haircuts', 'bob', 'cat', 'juegos', 'bob', 'esponja', 'billy', 'bob', 'thornton', 'snail', 'bob', 'juegos', 'de', 'bob', 'esponja']",1
[],1
[],1
[],1
[],1
[],1
"['the', 'source', 'open', 'source', 'code', 'source', 'la', 'source', 'one', 'source', 'open', 'source', 'software', 'primary', 'source', 'source', 'file', 'power', 'source', 'first', 'source', 'paper', 'source', 'food', 'source', 'light', 'source', 'counter', 'strike', 'counter', 'strike', 'source', 'cs', 'source', 'news', 'source', 'source', 'canada', 'source', 'of', 'water', 'image', 'source', 'source', 'tree', 'current', 'source', 'pro', 'source', 'life', 'source', 'protein', 'source']",1
"['download', 'file', 'pdf', 'file', 'zip', 'file', 'file', 'upload', 'file', 'taxes', 'file', 'transfer', 'file', 'explorer', 'file', 'manager', 'one', 'file', 'csv', 'file', 'file', 'converter', 'batch', 'file', 'es', 'file', 'xml', 'file', 'json', 'file', 'english', 'file', 'es', 'file', 'explorer', 'file', 'share', 'rar', 'file', 'file', 'sharing', 'file', 'cabinet', 'android', 'file', 'transfer', 'python', 'read', 'file', 'png', 'file', 'how', 'to', 'file', 'taxes']",1
[],1
"['facebook', 'login', 'fb', 'login', 'gmail', 'login', 'yahoo', 'login', 'hotmail', 'login', 'email', 'login', 'google', 'login', 'wells', 'fargo', 'login', 'facebook', 'login', 'in', 'facebook', 'facebook', 'login', 'in', 'yahoo', 'mail', 'login', 'facebook', 'login', 'in', 'facebook', 'login', 'in', 'paypal', 'login', '365', 'login', 'login', 'instagram', 'sbi', 'login', 'pof', 'login', 'gmail', 'account', 'login', 'gmail', 'login', 'mail', 'login', 'to', 'facebook', 'facebook', 'login', 'sign', 'irctc', 'login', 'fb', 'login', 'facebook', 'facebook', 'com', 'login', 'uan', 'login']",1
"['st', 'louis', 'st', 'paul', 'st', 'george', 'st', 'john', 'st', 'joseph', 'st', 'thomas', 'st', 'johns', 'st', 'petersburg', 'st', 'james', 'st', 'augustine', 'st', 'andrews', 'st', 'francis', 'st', 'marys', 'st', 'albans', 'st', 'martin', 'st', 'vincent', 'st', 'helens', 'st', 'lucia', 'st', 'louis', 'cardinals', 'st', 'ives', 'st', 'peters', 'st', 'peter', 'st', 'etienne', 'st', 'patrick', 'focus', 'st']",1
[],1
"['new', 'york', 'new', 'song', 'new', 'video', 'new', 'movie', 'new', 'zealand', 'new', 'year', 'new', 'orleans', 'new', 'movies', 'new', 'songs', 'new', 'jersey', 'new', 'look', 'new', 'england', 'new', 'song', 'download', 'new', 'balance', 'new', 'york', 'city', 'new', 'york', 'times', 'new', 'mexico', 'new', 'girl', 'new', 'mp3', 'song', 'new', 'delhi', 'happy', 'new', 'year', 'orange', 'is', 'the', 'new', 'black', 'new', 'video', 'song', 'new', 'account', 'new', 'one']",1
"['new', 'york', 'new', 'song', 'new', 'video', 'new', 'movie', 'new', 'zealand', 'new', 'year', 'new', 'orleans', 'new', 'movies', 'new', 'songs', 'new', 'jersey', 'new', 'look', 'new', 'england', 'new', 'song', 'download', 'new', 'balance', 'new', 'york', 'city', 'new', 'york', 'times', 'new', 'mexico', 'new', 'girl', 'new', 'mp3', 'song', 'new', 'delhi', 'happy', 'new', 'year', 'orange', 'is', 'the', 'new', 'black', 'new', 'video', 'song', 'new', 'account', 'new', 'one']",1
"['new', 'york', 'new', 'song', 'new', 'video', 'new', 'movie', 'new', 'zealand', 'new', 'year', 'new', 'orleans', 'new', 'movies', 'new', 'songs', 'new', 'jersey', 'new', 'look', 'new', 'england', 'new', 'song', 'download', 'new', 'balance', 'new', 'york', 'city', 'new', 'york', 'times', 'new', 'mexico', 'new', 'girl', 'new', 'mp3', 'song', 'new', 'delhi', 'happy', 'new', 'year', 'orange', 'is', 'the', 'new', 'black', 'new', 'video', 'song', 'new', 'account', 'new', 'one']",1
"['office', '365', 'post', 'office', 'the', 'office', 'box', 'office', 'microsoft', 'office', 'microsoft', 'office', 'depot', 'box', 'office', 'collection', 'office', '2016', 'met', 'office', 'office', 'login', 'office', '2010', 'open', 'office', 'office', '2013', 'home', 'office', '365', 'office', 'login', 'office', 'online', 'google', 'office', 'social', 'security', 'social', 'security', 'office', 'office', 'outlook', 'weather', 'office', 'office', 'mail', 'post', 'office', 'hours', 'word']",1
"['italian', 'restaurant', 'english', 'italian', 'italian', 'restaurants', 'english', 'to', 'italian', 'italian', 'food', 'italian', 'near', 'me', 'translate', 'italian', 'italy', 'italian', 'menu', 'italian', 'pizza', 'italian', 'translation', 'translate', 'english', 'italian', 'italian', 'sausage', 'italian', 'names', 'english', 'to', 'italian', 'translate', 'italian', 'recipes', 'italian', 'pasta', 'restaurants', 'near', 'me', 'italian', 'restaurants', 'near', 'me', 'italian', 'job', 'italian', 'movie', 'italian', 'chicken', 'italian', 'flag', 'italian', 'kitchen', 'italian', 'movies']",1
"['bai', 'hat', 'the', 'hat', 'hat', 'man', 'loi', 'bai', 'hat', 'red', 'hat', 'medicine', 'hat', 'hats', 'black', 'hat', 'tai', 'bai', 'hat', 'bai', 'hat', 'hay', 'top', 'hat', 'wieviel', 'the', 'cat', 'in', 'the', 'hat', 'cat', 'in', 'the', 'hat', 'cap', 'bucket', 'hat', 'white', 'hat', 'nhung', 'bai', 'hat', 'hay', 'giong', 'hat', 'viet', 'cowboy', 'hat', 'bai', 'hat', 'hay', 'nhat', 'hat', 'karaoke', 'karaoke', 'hat', 'trick', 'hard', 'hat']",0
"['bai', 'hat', 'the', 'hat', 'hat', 'man', 'loi', 'bai', 'hat', 'red', 'hat', 'medicine', 'hat', 'hats', 'black', 'hat', 'tai', 'bai', 'hat', 'bai', 'hat', 'hay', 'top', 'hat', 'wieviel', 'the', 'cat', 'in', 'the', 'hat', 'cat', 'in', 'the', 'hat', 'cap', 'bucket', 'hat', 'white', 'hat', 'nhung', 'bai', 'hat', 'hay', 'giong', 'hat', 'viet', 'cowboy', 'hat', 'bai', 'hat', 'hay', 'nhat', 'hat', 'karaoke', 'karaoke', 'hat', 'trick', 'hard', 'hat']",0
"['fast', 'fast', 'furious', 'fast', 'and', 'furious', 'fast', 'and', 'fast', '7', 'fast', 'furious', '7', 'fast', 'and', 'furious', '7', 'fast', '8', 'fast', 'furious', '8', 'fast', 'and', 'furious', '8', 'fast', 'and', 'furious', 'movie', 'fast', 'and', 'the', 'furious', 'the', 'fast', 'and', 'the', 'furious', 'fast', 'furious', '6', 'fast', '6', 'fast', 'and', 'furious', '6', 'fast', 'and', 'furious', 'full', 'movie', 'fast', 'furious', '2', '2', 'fast', '2', 'furious', 'fate', 'of', 'furious', 'fate', 'of', 'the', 'furious', 'the', 'fate', 'of', 'the', 'furious', 'fast', 'furious', '5', 'fast', '5', 'fast', 'furious', '9']",0
"['avengers', 'infinity', 'avengers', 'endgame', 'endgame', 'avengers', 'infinity', 'war', 'infinity', 'war', 'the', 'avengers', 'avengers', 'movie', 'avengers', 'ultron', 'ultron', 'avengers', 'age', 'of', 'ultron', 'age', 'of', 'ultron', 'avengers', 'marvel', 'marvel', 'avengers', 'movies', 'avengers', 'full', 'movie', 'avengers', 'game', 'lego', 'avengers', 'lego', 'avengers', 'trailer', 'avengers', 'cast', 'avengers', 'release', 'date', 'end', 'game', 'avengers', 'end', 'game', 'the', 'avengers', '2', 'film', 'avengers']",0
"['avengers', 'infinity', 'avengers', 'endgame', 'endgame', 'avengers', 'infinity', 'war', 'infinity', 'war', 'the', 'avengers', 'avengers', 'movie', 'avengers', 'ultron', 'ultron', 'avengers', 'age', 'of', 'ultron', 'age', 'of', 'ultron', 'avengers', 'marvel', 'marvel', 'avengers', 'movies', 'avengers', 'full', 'movie', 'avengers', 'game', 'lego', 'avengers', 'lego', 'avengers', 'trailer', 'avengers', 'cast', 'avengers', 'release', 'date', 'end', 'game', 'avengers', 'end', 'game', 'the', 'avengers', '2', 'film', 'avengers']",0
"['met', 'office', 'how', 'i', 'met', 'your', 'mother', 'the', 'met', 'met', 'weather', 'met', 'gala', 'weather', 'met', 'office', 'we', 'met', 'met', 'eireann', 'harry', 'met', 'sejal', 'jab', 'harry', 'met', 'sejal', 'met', 'gala', '2019', 'first', 'met', 'met', 'life', 'le', 'met', 'jab', 'we', 'met', 'bbc', 'weather', 'london', 'met', 'met', 'museum', 'met', 'gala', '2018', 'met', 'office', 'weather', 'forecast', 'harry', 'met', 'sally', 'met', 'police', 'how', 'i', 'met', 'your', 'mother', 'online', 'the', 'night', 'we', 'met', 'met', 'opera']",0
"['user', 'manual', 'user', 'guide', 'user', 'login', 'create', 'user', 'user', 'name', 'user', 'id', 'user', 'profile', 'user', 'interface', 'user', 'agent', 'facebook', 'user', 'user', 'experience', 'end', 'user', 'net', 'user', 'user', 'authentication', 'add', 'user', 'to', 'group', 'power', 'user', 'apple', 'user', 'user', 'story', 'user', 'testing', 'super', 'user', 'linux', 'add', 'user', 'user', 'stories', 'user', 'icon', 'mysql', 'create', 'user', 'unknown', 'user']",0
"['nike', 'zoom', 'nike', 'zoom', 'in', 'bergen', 'op', 'zoom', 'zoom', 'air', 'nike', 'air', 'zoom', 'camera', 'zoom', 'zoom', 'out', 'how', 'to', 'zoom', 'in', 'samsung', 'zoom', 'zoom', 'lens', 'google', 'zoom', 'flash', 'zoom', 'flash', 'nike', 'zoom', 'pegasus', 'zoom', 'video', 'zenfone', 'zoom', 'iphone', 'zoom', 'zoom', 'car', 'zoom', 'download', 'nike', 'zoom', 'shoes', 'zoom', 'tv', 'zoom', 'meeting', 'asus', 'bob', 'zoom']",0
"['tv', 'guide', 'the', 'guide', 'study', 'guide', 'guide', 'michelin', 'sky', 'guide', 'tour', 'guide', 'tv', 'guide', 'melbourne', 'tv', 'channel', 'guide', 'tv', 'guide', 'uk', 'bbc', 'guide', 'sky', 'tv', 'guide', 'style', 'guide', 'sydney', 'tv', 'guide', 'tv', 'guide', 'tonight', 'bbc', 'tv', 'guide', 'perth', 'tv', 'guide', 'tv', 'guide', 'listings', 'tv', 'listings', 'freeview', 'guide', 'brisbane', 'tv', 'guide', 'freeview', 'tv', 'guide', 'tv', 'guide', 'adelaide', 'sky', 'sports', 'guide', 'free', 'tv', 'guide', 'guide', 'dogs']",0
"['the', 'muppets', 'muppet', 'de', 'muppets', 'los', 'muppets', 'muppets', 'christmas', 'muppets', 'show', 'beaker', 'muppets', 'beaker', 'muppets', 'movie', 'muppets', 'animal', 'animal', 'old', 'muppets', 'muppets', 'characters', 'christmas', 'carol', 'muppets', 'christmas', 'carol', 'muppets', 'song', 'muppets', 'most', 'wanted', 'muppets', 'baby', 'muppets', 'sesame', 'street', 'sesame', 'street', 'gonzo', 'muppets', 'youtube', 'muppets', 'the', 'muppets', 'movie', 'gonzo', 'muppets', 'youtube']",0
"['the', 'wire', 'cable', 'wire', 'wire', 'transfer', 'wire', 'gauge', 'copper', 'wire', 'electrical', 'wire', 'daily', 'wire', 'electric', 'wire', 'bank', 'wire', 'speaker', 'wire', 'wire', 'mesh', 'hot', 'wire', 'steel', 'wire', 'waiver', 'wire', 'one', 'wire', 'wire', 'rope', 'barbed', 'wire', 'wire', 'harness', 'metal', 'wire', 'chicken', 'wire', 'live', 'wire', 'wire', 'money', 'how', 'to', 'wire', 'a', 'switch', 'wire', 'connector', 'wedding', 'wire']",0
"['windows', 'livecd', 'livecd', 'linux', 'ubuntu', 'livecd', 'ubuntu', 'live', 'cd', 'windows', '7', 'livecd', 'livecd', 'скачать', 'centos', 'centos', 'livecd', 'debian', 'livecd', 'windows', '10', 'gparted', 'ubuntu', 'live', 'cd', 'dr', 'web', 'linux', 'live', 'cd', 'gparted', 'livecd', 'ophcrack', 'ophcrack', 'livecd', 'live', 'cd', 'windows', '7', 'dr.web', 'livecd', 'скачать', 'livecd', 'windows', '7', 'live', 'cd', 'скачать', 'fedora', 'livecd', 'livecd', 'windows', 'xp', 'gentoo', 'livecd']",0
"['contact', 'details', 'number', 'details', 'bank', 'details', 'full', 'details', 'vehicle', 'details', 'call', 'details', 'car', 'details', 'details', 'meaning', 'train', 'details', 'pan', 'details', 'flight', 'details', 'pan', 'card', 'details', 'pan', 'card', 'personal', 'details', 'reading', 'details', 'airtel', 'elodie', 'details', 'vehicle', 'registration', 'details', 'mobile', 'number', 'details', 'tneb', 'power', 'details', 'details', 'definition', 'aadhar', 'card', 'details', 'bsnl', 'for', 'more', 'details']",0
[],0
[],0
[],0
[],0
[],0
[],0
[],0
[],0
[],0
"['the', 'features', 'new', 'features', 'iphone', 'features', 'physical', 'features', 'water', 'features', 'features', 'meaning', 'key', 'features', 'features', 'definition', 'text', 'features', 'language', 'features', 'windows', '10', 'features', 'facial', 'features', 'salient', 'features', 'java', 'features', 'iphone', '7', 'features', 'youtube', 'features', 'iphone', '6', 'features', 'geographical', 'features', '6s', 'features', 'iphone', '6s', 'iphone', '6s', 'features', 'apple', 'watch', 'features', 'apple', 'watch', 'features', 'of', 'management', 'iphone', '8', 'features']",0
"['english', 'english', 'french', 'english', 'to', 'french', 'french', 'translate', 'french', 'open', 'translate', 'to', 'french', 'french', 'toast', 'french', 'bulldog', 'french', 'translation', 'translate', 'english', 'french', 'translate', 'english', 'to', 'french', 'france', 'la', 'french', 'french', 'english', 'translation', 'french', 'revolution', 'french', 'fries', 'french', 'montana', 'french', 'press', 'translation', 'english', 'to', 'french', 'french', 'connection', 'french', 'language', 'french', 'door', 'french', 'kiss', 'french', 'quarter', 'french', 'names']",0
"['make', 'pancakes', 'pancakes', 'recipe', 'how', 'to', 'make', 'pancakes', 'banana', 'pancakes', 'pancake', 'recette', 'protein', 'pancakes', 'american', 'pancakes', 'pancakes', 'recette', 'fluffy', 'pancakes', 'vegan', 'pancakes', 'best', 'pancakes', 'potato', 'pancakes', 'ihop', 'buttermilk', 'pancakes', 'ihop', 'pancakes', 'homemade', 'pancakes', 'pancake', 'recipe', 'breakfast', 'pancakes', 'breakfast', 'healthy', 'pancakes', 'easy', 'pancakes', 'pancakes', 'from', 'scratch', 'chocolate', 'pancakes', 'blueberry', 'pancakes']",0
"['maple', 'leafs', 'leafs', 'toronto', 'toronto', 'maple', 'toronto', 'maple', 'leafs', 'maple', 'syrup', 'maple', 'grove', 'maple', 'leaf', 'maple', 'ridge', 'maple', 'tree', 'japanese', 'maple', 'maple', 'street', 'maple', 'valley', 'red', 'maple', 'maple', 'grove', 'mn', 'maple', 'sugar', 'maple', 'park', 'maple', 'trees', 'maple', 'wood', 'maple', 'shade', 'nhl', 'maple', 'story', 'maple', 'lake', 'maple', 'stage', 'maple', 'leafs', 'schedule']",0
"['steak', 'house', 'steak', 'recipe', 'best', 'steak', 'steak', 'and', 'shake', 'recipes', 'steak', 'recipes', 'how', 'to', 'cook', 'steak', 'beef', 'steak', 'cheese', 'steak', 'grill', 'steak', 'chicken', 'steak', 'restaurants', 'steak', 'restaurants', 'steak', 'near', 'me', 'steak', 'sauce', 'flank', 'steak', 'steak', 'n', 'shake', 'steak', 'medium', 'steak', 'marinade', 'sirloin', 'steak', 'cooking', 'steak', 'rare', 'steak', 'philly', 'cheese', 'steak', 'ribeye', 'steak', 'ribeye']",0
"['pasta', 'sauce', 'pasta', 'recipe', 'pasta', 'recipes', 'chicken', 'pasta', 'la', 'pasta', 'pasta', 'salad', 'pizza', 'pasta', 'pasta', 'pesto', 'pasta', 'tarifleri', 'pasta', 'tarifi', 'pasta', 'bake', 'pasta', 'sfoglia', 'carbonara', 'pasta', 'shrimp', 'pasta', 'pasta', 'americana', 'how', 'to', 'make', 'pasta', 'alfredo', 'pasta', 'pasta', 'zucchine', 'chicken', 'and', 'pasta', 'pasta', 'frolla', 'ricette', 'pasta', 'broccoli', 'pasta', 'penne', 'pasta', 'pasta', 'sauce', 'recipe', 'tuna', 'pasta']",0
"['pesto', 'pasta', 'pasta', 'pesto', 'recipe', 'pesto', 'chicken', 'sauce', 'pesto', 'basil', 'pesto', 'basil', 'al', 'pesto', 'pesto', 'recipes', 'pesto', 'genovese', 'molho', 'pesto', 'pesto', 'pasta', 'chicken', 'pesto', 'pasta', 'recipe', 'pizza', 'pesto', 'make', 'pesto', 'pesto', 'salad', 'tomato', 'pesto', 'pesto', 'recette', 'salsa', 'pesto', 'how', 'to', 'make', 'pesto', 'pesto', 'ricetta', 'spaghetti', 'pesto', 'spaghetti', 'vegan', 'pesto', 'pasta', 'with', 'pesto']",0
"['cream', 'cheese', 'mac', 'cheese', 'mac', 'and', 'cheese', 'chuck', 'chuck', 'e', 'cheese', 'cheese', 'cake', 'cheese', 'sauce', 'macaroni', 'cheese', 'cheese', 'pizza', 'cottage', 'cheese', 'grilled', 'cheese', 'how', 'to', 'make', 'cheese', 'blue', 'cheese', 'macaroni', 'and', 'cheese', 'cheese', 'dip', 'cheese', 'steak', 'bacon', 'cheese', 'bread', 'cheddar', 'cheese', 'goat', 'cheese', 'mac', 'n', 'cheese', 'cream', 'cheese', 'frosting', 'cheese', 'sandwich', 'mac', 'and', 'cheese', 'recipe', 'cheese', 'in', 'the', 'trap']",0
"['cinnamon', 'rolls', 'cinnamon', 'roll', 'apple', 'cinnamon', 'cinnamon', 'toast', 'honey', 'cinnamon', 'cinnamon', 'sugar', 'cinnamon', 'bread', 'cinnamon', 'benefits', 'cinnamon', 'cake', 'honey', 'and', 'cinnamon', 'cinnamon', 'tea', 'cinnamon', 'powder', 'cinnamon', 'buns', 'what', 'is', 'cinnamon', 'cinnamon', 'roll', 'recipe', 'cinnamon', 'toast', 'crunch', 'cinnamon', 'oil', 'cinnamon', 'rolls', 'recipe', 'cinnamon', 'bun', 'benefits', 'of', 'cinnamon', 'cinnamon', 'linux', 'gerry', 'cinnamon', 'cinnamon', 'cookies', 'cinnamon', 'coffee', 'cinnamon', 'meaning']",0
"['download', 'video', 'hd', 'video', 'sexy', 'video', 'song', 'youtube', 'video', 'hindi', 'video', 'video', 'hot', 'video', 'songs', 'video', 'gana', 'bhojpuri', 'video', 'bf', 'video', 'bf', 'desi', 'video', 'video', 'mein', 'google', 'video', 'video', 'game', 'amazon', 'video', 'bangla', 'video', 'video', 'downloader', 'english', 'video', 'converter', 'video', 'download', 'youtube', 'video', 'prime', 'video', 'new', 'video', 'song', 'bhojpuri', 'video', 'gana']",0
"['the', 'show', 'tv', 'show', 'show', 'me', 'book', 'my', 'show', 'today', 'show', 'kapil', 'show', 'video', 'show', 'kapil', 'sharma', 'show', 'picture', 'show', 'big', 'show', 'air', 'show', 'fashion', 'show', 'the', 'kapil', 'show', 'show', 'canlı', 'daily', 'show', 'the', 'kapil', 'sharma', 'show', 'that', '70s', 'show', 'show', 'tv', 'canlı', 'late', 'late', 'show', 'cacau', 'show', 'reality', 'show', 'show', 'box', 'tonight', 'show', 'ellen', 'show', 'regular', 'show']",0
"['pin', 'code', 'pin', 'up', 'pin', 'card', 'my', 'pin', 'pincode', 'bowling', 'pin', 'delhi', 'pin', 'code', 'pin', 'pon', 'ten', 'pin', 'pin', 'it', 'pin', 'up', 'girl', 'india', 'pin', 'code', 'bbm', 'pin', 'rolling', 'pin', 'hair', 'pin', 'pune', 'pin', 'code', 'safety', 'pin', 'ten', 'pin', 'bowling', 'bangalore', 'bangalore', 'pin', 'code', 'inps', 'pin', 'inps', 'nose', 'pin', 'gurgaon', 'pin', 'code', 'pin', 'laptop']",0
"['pin', 'code', 'pin', 'up', 'pin', 'card', 'my', 'pin', 'pincode', 'bowling', 'pin', 'delhi', 'pin', 'code', 'pin', 'pon', 'ten', 'pin', 'pin', 'it', 'pin', 'up', 'girl', 'india', 'pin', 'code', 'bbm', 'pin', 'rolling', 'pin', 'hair', 'pin', 'pune', 'pin', 'code', 'safety', 'pin', 'ten', 'pin', 'bowling', 'bangalore', 'bangalore', 'pin', 'code', 'inps', 'pin', 'inps', 'nose', 'pin', 'gurgaon', 'pin', 'code', 'pin', 'laptop']",0
"['pin', 'code', 'pin', 'up', 'pin', 'card', 'my', 'pin', 'pincode', 'bowling', 'pin', 'delhi', 'pin', 'code', 'pin', 'pon', 'ten', 'pin', 'pin', 'it', 'pin', 'up', 'girl', 'india', 'pin', 'code', 'bbm', 'pin', 'rolling', 'pin', 'hair', 'pin', 'pune', 'pin', 'code', 'safety', 'pin', 'ten', 'pin', 'bowling', 'bangalore', 'bangalore', 'pin', 'code', 'inps', 'pin', 'inps', 'nose', 'pin', 'gurgaon', 'pin', 'code', 'pin', 'laptop']",0
"['pin', 'code', 'pin', 'up', 'pin', 'card', 'my', 'pin', 'pincode', 'bowling', 'pin', 'delhi', 'pin', 'code', 'pin', 'pon', 'ten', 'pin', 'pin', 'it', 'pin', 'up', 'girl', 'india', 'pin', 'code', 'bbm', 'pin', 'rolling', 'pin', 'hair', 'pin', 'pune', 'pin', 'code', 'safety', 'pin', 'ten', 'pin', 'bowling', 'bangalore', 'bangalore', 'pin', 'code', 'inps', 'pin', 'inps', 'nose', 'pin', 'gurgaon', 'pin', 'code', 'pin', 'laptop']",0
"['pin', 'code', 'pin', 'up', 'pin', 'card', 'my', 'pin', 'pincode', 'bowling', 'pin', 'delhi', 'pin', 'code', 'pin', 'pon', 'ten', 'pin', 'pin', 'it', 'pin', 'up', 'girl', 'india', 'pin', 'code', 'bbm', 'pin', 'rolling', 'pin', 'hair', 'pin', 'pune', 'pin', 'code', 'safety', 'pin', 'ten', 'pin', 'bowling', 'bangalore', 'bangalore', 'pin', 'code', 'inps', 'pin', 'inps', 'nose', 'pin', 'gurgaon', 'pin', 'code', 'pin', 'laptop']",0
"['pin', 'code', 'pin', 'up', 'pin', 'card', 'my', 'pin', 'pincode', 'bowling', 'pin', 'delhi', 'pin', 'code', 'pin', 'pon', 'ten', 'pin', 'pin', 'it', 'pin', 'up', 'girl', 'india', 'pin', 'code', 'bbm', 'pin', 'rolling', 'pin', 'hair', 'pin', 'pune', 'pin', 'code', 'safety', 'pin', 'ten', 'pin', 'bowling', 'bangalore', 'bangalore', 'pin', 'code', 'inps', 'pin', 'inps', 'nose', 'pin', 'gurgaon', 'pin', 'code', 'pin', 'laptop']",0
"['pin', 'code', 'pin', 'up', 'pin', 'card', 'my', 'pin', 'pincode', 'bowling', 'pin', 'delhi', 'pin', 'code', 'pin', 'pon', 'ten', 'pin', 'pin', 'it', 'pin', 'up', 'girl', 'india', 'pin', 'code', 'bbm', 'pin', 'rolling', 'pin', 'hair', 'pin', 'pune', 'pin', 'code', 'safety', 'pin', 'ten', 'pin', 'bowling', 'bangalore', 'bangalore', 'pin', 'code', 'inps', 'pin', 'inps', 'nose', 'pin', 'gurgaon', 'pin', 'code', 'pin', 'laptop']",0
"['pin', 'code', 'pin', 'up', 'pin', 'card', 'my', 'pin', 'pincode', 'bowling', 'pin', 'delhi', 'pin', 'code', 'pin', 'pon', 'ten', 'pin', 'pin', 'it', 'pin', 'up', 'girl', 'india', 'pin', 'code', 'bbm', 'pin', 'rolling', 'pin', 'hair', 'pin', 'pune', 'pin', 'code', 'safety', 'pin', 'ten', 'pin', 'bowling', 'bangalore', 'bangalore', 'pin', 'code', 'inps', 'pin', 'inps', 'nose', 'pin', 'gurgaon', 'pin', 'code', 'pin', 'laptop']",0
"['pin', 'code', 'pin', 'up', 'pin', 'card', 'my', 'pin', 'pincode', 'bowling', 'pin', 'delhi', 'pin', 'code', 'pin', 'pon', 'ten', 'pin', 'pin', 'it', 'pin', 'up', 'girl', 'india', 'pin', 'code', 'bbm', 'pin', 'rolling', 'pin', 'hair', 'pin', 'pune', 'pin', 'code', 'safety', 'pin', 'ten', 'pin', 'bowling', 'bangalore', 'bangalore', 'pin', 'code', 'inps', 'pin', 'inps', 'nose', 'pin', 'gurgaon', 'pin', 'code', 'pin', 'laptop']",0
"['the', 'press', 'free', 'press', 'press', 'conference', 'bench', 'press', 'news', 'press', 'press', 'release', 'french', 'press', 'daily', 'press', 'press', 'machine', 'city', 'press', 'leg', 'press', 'printing', 'press', 'word', 'press', 'press', 'tv', 'detroit', 'free', 'press', 'dumbbell', 'press', 'coffee', 'press', 'york', 'press', 'shoulder', 'press', 'heat', 'press', 'world', 'press', 'press', 'herald', 'pioneer', 'press', 'associated', 'press', 'drill', 'press']",0
"['the', 'press', 'free', 'press', 'press', 'conference', 'bench', 'press', 'news', 'press', 'press', 'release', 'french', 'press', 'daily', 'press', 'press', 'machine', 'city', 'press', 'leg', 'press', 'printing', 'press', 'word', 'press', 'press', 'tv', 'detroit', 'free', 'press', 'dumbbell', 'press', 'coffee', 'press', 'york', 'press', 'shoulder', 'press', 'heat', 'press', 'world', 'press', 'press', 'herald', 'pioneer', 'press', 'associated', 'press', 'drill', 'press']",0
"['skin', 'tags', 'tag', 'dog', 'tags', 'html', 'html', 'tags', 'name', 'tags', 'tags', 'instagram', 'all', 'tags', 'car', 'tags', 'tags', 'youtube', 'luggage', 'tags', 'google', 'tags', 'gift', 'tags', 'meta', 'tags', 'remove', 'skin', 'tags', 'printable', 'tags', 'question', 'tags', 'price', 'tags', 'auto', 'tags', 'dmv', 'christmas', 'tags', 'get', 'rid', 'of', 'skin', 'tags', 'dmv', 'tags', 'pet', 'tags', 'tags', 'for', 'instagram']",0
"['interview', 'interview', 'questions', 'questions', 'to', 'ask', 'questions', 'and', 'answers', 'question', 'interview', 'questions', 'and', 'answers', 'quiz', 'quiz', 'questions', 'good', 'questions', 'trivia', 'questions', 'interview', 'questions', 'to', 'ask', 'job', 'interview', 'questions', 'truth', 'questions', 'funny', 'questions', 'maths', 'questions', 'answer', 'the', 'questions', 'multiple', 'choice', 'questions', 'dare', 'questions', 'gk', 'questions', 'i', 'have', 'questions', 'would', 'you', 'rather', 'would', 'you', 'rather', 'questions', 'questions', 'to', 'ask', 'a', 'girl', 'discussion', 'questions', 'java', 'interview', 'questions']",0
"['interview', 'interview', 'questions', 'questions', 'to', 'ask', 'questions', 'and', 'answers', 'question', 'interview', 'questions', 'and', 'answers', 'quiz', 'quiz', 'questions', 'good', 'questions', 'trivia', 'questions', 'interview', 'questions', 'to', 'ask', 'job', 'interview', 'questions', 'truth', 'questions', 'funny', 'questions', 'maths', 'questions', 'answer', 'the', 'questions', 'multiple', 'choice', 'questions', 'dare', 'questions', 'gk', 'questions', 'i', 'have', 'questions', 'would', 'you', 'rather', 'would', 'you', 'rather', 'questions', 'questions', 'to', 'ask', 'a', 'girl', 'discussion', 'questions', 'java', 'interview', 'questions']",0
"['interview', 'interview', 'questions', 'questions', 'to', 'ask', 'questions', 'and', 'answers', 'question', 'interview', 'questions', 'and', 'answers', 'quiz', 'quiz', 'questions', 'good', 'questions', 'trivia', 'questions', 'interview', 'questions', 'to', 'ask', 'job', 'interview', 'questions', 'truth', 'questions', 'funny', 'questions', 'maths', 'questions', 'answer', 'the', 'questions', 'multiple', 'choice', 'questions', 'dare', 'questions', 'gk', 'questions', 'i', 'have', 'questions', 'would', 'you', 'rather', 'would', 'you', 'rather', 'questions', 'questions', 'to', 'ask', 'a', 'girl', 'discussion', 'questions', 'java', 'interview', 'questions']",0
"['interview', 'interview', 'questions', 'questions', 'to', 'ask', 'questions', 'and', 'answers', 'question', 'interview', 'questions', 'and', 'answers', 'quiz', 'quiz', 'questions', 'good', 'questions', 'trivia', 'questions', 'interview', 'questions', 'to', 'ask', 'job', 'interview', 'questions', 'truth', 'questions', 'funny', 'questions', 'maths', 'questions', 'answer', 'the', 'questions', 'multiple', 'choice', 'questions', 'dare', 'questions', 'gk', 'questions', 'i', 'have', 'questions', 'would', 'you', 'rather', 'would', 'you', 'rather', 'questions', 'questions', 'to', 'ask', 'a', 'girl', 'discussion', 'questions', 'java', 'interview', 'questions']",0
"['interview', 'interview', 'questions', 'questions', 'to', 'ask', 'questions', 'and', 'answers', 'question', 'interview', 'questions', 'and', 'answers', 'quiz', 'quiz', 'questions', 'good', 'questions', 'trivia', 'questions', 'interview', 'questions', 'to', 'ask', 'job', 'interview', 'questions', 'truth', 'questions', 'funny', 'questions', 'maths', 'questions', 'answer', 'the', 'questions', 'multiple', 'choice', 'questions', 'dare', 'questions', 'gk', 'questions', 'i', 'have', 'questions', 'would', 'you', 'rather', 'would', 'you', 'rather', 'questions', 'questions', 'to', 'ask', 'a', 'girl', 'discussion', 'questions', 'java', 'interview', 'questions']",0
"['interview', 'interview', 'questions', 'questions', 'to', 'ask', 'questions', 'and', 'answers', 'question', 'interview', 'questions', 'and', 'answers', 'quiz', 'quiz', 'questions', 'good', 'questions', 'trivia', 'questions', 'interview', 'questions', 'to', 'ask', 'job', 'interview', 'questions', 'truth', 'questions', 'funny', 'questions', 'maths', 'questions', 'answer', 'the', 'questions', 'multiple', 'choice', 'questions', 'dare', 'questions', 'gk', 'questions', 'i', 'have', 'questions', 'would', 'you', 'rather', 'would', 'you', 'rather', 'questions', 'questions', 'to', 'ask', 'a', 'girl', 'discussion', 'questions', 'java', 'interview', 'questions']",0
"['interview', 'interview', 'questions', 'questions', 'to', 'ask', 'questions', 'and', 'answers', 'question', 'interview', 'questions', 'and', 'answers', 'quiz', 'quiz', 'questions', 'good', 'questions', 'trivia', 'questions', 'interview', 'questions', 'to', 'ask', 'job', 'interview', 'questions', 'truth', 'questions', 'funny', 'questions', 'maths', 'questions', 'answer', 'the', 'questions', 'multiple', 'choice', 'questions', 'dare', 'questions', 'gk', 'questions', 'i', 'have', 'questions', 'would', 'you', 'rather', 'would', 'you', 'rather', 'questions', 'questions', 'to', 'ask', 'a', 'girl', 'discussion', 'questions', 'java', 'interview', 'questions']",0
"['wiki', 'how', 'google', 'wiki', 'youtube', 'wiki', 'minecraft', 'wiki', 'terraria', 'wiki', 'terraria', 'marvel', 'wiki', 'pokemon', 'wiki', 'monster', 'wiki', 'ark', 'wiki', 'wiki', 'drama', 'game', 'of', 'thrones', 'wiki', 'lol', 'wiki', 'naruto', 'wiki', 'warframe', 'wiki', 'fallout', 'wiki', 'walking', 'dead', 'wiki', 'star', 'wars', 'wiki', 'dark', 'souls', 'wiki', 'one', 'piece', 'wiki', 'clash', 'wiki', '艦', 'これ', 'wiki', 'fgo', 'wiki', 'stardew', 'valley', 'wiki', 'グラブル', 'wiki']",0
"['dc', 'dc', 'comics', 'marvel', 'comics', 'marvel', 'comic', 'comics', 'online', 'free', 'comics', 'read', 'comics', 'batman', 'batman', 'comics', 'best', 'comics', 'comics', 'download', 'archie', 'comics', 'new', 'comics', 'read', 'comics', 'online', 'star', 'comics', 'walking', 'dead', 'comics', 'walking', 'dead', 'gay', 'comics', 'manga', 'comics', 'lucca', 'comics', 'superman', 'funny', 'comics', 'furry', 'comics', 'comics', 'books']",0
"['contact', 'details', 'number', 'details', 'bank', 'details', 'full', 'details', 'vehicle', 'details', 'car', 'details', 'call', 'details', 'details', 'meaning', 'train', 'details', 'pan', 'details', 'flight', 'details', 'pan', 'card', 'details', 'airtel', 'pan', 'card', 'personal', 'details', 'reading', 'details', 'salary', 'details', 'elodie', 'details', 'mobile', 'number', 'details', 'vehicle', 'registration', 'details', 'tneb', 'details', 'definition', 'power', 'details', 'bsnl', 'for', 'more', 'details']",0
"['photo', 'photos', 'google', 'hd', 'photos', 'hot', 'photos', 'photos', 'sexy', 'images', 'photos', 'my', 'photos', 'new', 'photos', 'girls', 'photos', 'free', 'photos', 'instagram', 'photos', 'family', 'photos', 'icloud', 'photos', 'love', 'photos', 'baby', 'photos', 'cover', 'photos', 'passport', 'photos', 'funny', 'photos', 'stock', 'photos', 'sunny', 'leone', 'photos', 'cute', 'photos', 'wallpaper', 'photos', 'cool', 'photos', 'print', 'photos', 'kajal', 'photos']",0
"['india', 'bangladesh', 'india', 'india', 'vs', 'bangladesh', 'bangladesh', 'video', 'bangladesh', 'cricket', 'news', 'bangladesh', 'pakistan', 'bangladesh', 'pakistan', 'bangladesh', 'bank', 'dhaka', 'bangladesh', 'india', 'bangladesh', 'live', 'bangladeshi', 'newspaper', 'bangladesh', 'bangladesh', 'newspapers', 'india', 'vs', 'bangladesh', 'live', 'bangladesh', 'university', 'live', 'cricket', 'bangladesh', 'cricket', 'live', 'bangladesh', 'cricket', 'team', 'india', 'bangladesh', 'match', 'bangladesh', 'time', 'mobile', 'price', 'in', 'bangladesh', 'bangladesh', 'song', 'bangladesh', 'vs', 'pakistan', 'india', 'bangladesh', 'score']",0
"['the', 'environment', 'environment', 'canada', 'what', 'is', 'environment', 'environmental', 'environment', 'canada', 'weather', 'environment', 'variables', 'work', 'environment', 'java', 'java', 'environment', 'about', 'environment', 'environment', 'day', 'business', 'environment', 'environment', 'definition', 'java', 'runtime', 'environment', 'java', 'runtime', 'environment', 'meaning', 'environment', 'pollution', 'save', 'environment', 'environment', 'agency', 'our', 'environment', 'natural', 'environment', 'learning', 'environment', 'social', 'environment', 'world', 'environment', 'day', 'working', 'environment']",0
"['real', 'politics', 'clear', 'politics', 'real', 'clear', 'politics', 'reddit', 'politics', 'politics', 'news', 'reddit', 'what', 'is', 'politics', 'cnn', 'cnn', 'politics', 'politics', 'definition', 'new', 'politics', 'about', 'politics', 'trump', 'american', 'politics', 'us', 'politics', 'world', 'politics', 'politics', 'meaning', 'uk', 'politics', 'international', 'politics', 'real', 'politics', 'polls', 'power', 'politics', 'clear', 'politics', 'polls', 'real', 'clear', 'politics', 'polls', 'dirty', 'politics', 'indian', 'politics']",0
"['computer', 'science', 'what', 'is', 'science', 'science', 'museum', 'social', 'science', 'science', 'center', 'science', 'and', 'technology', 'data', 'science', 'political', 'science', 'science', 'definition', 'science', 'project', 'science', 'fair', 'life', 'science', 'science', 'fiction', 'science', 'journal', 'health', 'science', 'science', 'projects', 'environmental', 'science', 'food', 'science', 'museum', 'of', 'science', 'science', 'kids', 'earth', 'science', 'physical', 'science', 'science', 'news', 'science', 'world', 'medical', 'science']",0
"['computer', 'science', 'what', 'is', 'science', 'science', 'museum', 'social', 'science', 'science', 'center', 'science', 'and', 'technology', 'data', 'science', 'political', 'science', 'science', 'definition', 'science', 'project', 'science', 'fair', 'life', 'science', 'science', 'fiction', 'science', 'journal', 'health', 'science', 'science', 'projects', 'environmental', 'science', 'food', 'science', 'museum', 'of', 'science', 'science', 'kids', 'earth', 'science', 'physical', 'science', 'science', 'news', 'science', 'world', 'medical', 'science']",0
[],0
[],0
[],0
"['world', 'cup', 'world', 'cup', '2018', 'world', 'cup', '2019', 'jurassic', 'world', 'world', 'series', 'world', 'map', 'new', 'world', 'world', 'news', 'disney', 'world', 'fifa', 'world', 'cup', 'world', 'cup', 'cricket', 'icc', 'world', 'cup', 'slimming', 'world', 'world', 'cup', 'schedule', 'world', 'time', 'world', 'cup', 'live', 'world', 'cup', 'rugby', 'pc', 'world', 'around', 'the', 'world', '2018', 'fifa', 'world', 'cup', 'world', 'war', '2', 'world', 'cup', '2015', 'world', 'market', 'world', 'of', 'tanks', 'bbc', 'world']",0
[],0
[],0
[],0
[],0
"['is', 'execution', 'execution', 'time', 'what', 'is', 'execution', 'execution', 'plan', 'execution', 'video', 'execution', 'order', 'isis', 'execution', 'isis', 'execution', 'meaning', 'test', 'execution', 'best', 'execution', 'project', 'execution', 'execution', 'policy', 'execution', 'date', 'remote', 'execution', 'execute', 'execution', 'definition', 'public', 'execution', 'execution', 'plan', 'sql', 'strategy', 'execution', 'executions', 'texas', 'execution', 'powershell', 'execution', 'policy', 'php', 'execution', 'time', 'death', 'penalty']",0
"['full', 'movie', 'movie', 'download', 'hindi', 'movie', 'movies', 'movie', 'online', 'hd', 'movie', 'free', 'movie', 'new', 'movie', 'tamil', 'movie', 'free', 'movie', 'download', 'hindi', 'full', 'movie', 'telugu', 'movie', 'movie', 'theater', 'hd', 'movie', 'download', 'hindi', 'movie', 'download', 'tamil', 'movie', 'download', 'hollywood', 'movie', 'movie', 'times', 'sexy', 'movie', 'english', 'movie', 'indian', 'movie', 'bollywood', 'movie', 'malayalam', 'movie', 'south', 'movie', 'hindi', 'movies']",0
[],0
[],0
[],0
[],0
[],0
[],0
[],0
[],0
[],0
[],0
[],0
[],0
[],0
[],0
[],0
[],0
[],0
[],0
[],0
[],0
[],0
[],0
[],0
[],0
[],0
[],0
[],0
[],0
[],0
[],0
[],0
[],0
[],0
[],0
[],0
[],0
[],0
[],0
[],0
[],0
[],0
[],0
[],0
[],0
[],0
[],0
[],0
[],0
[],0
[],0
[],0
[],0
[],0
[],0
[],0
[],0
[],0
[],0
[],0
[],0
[],0
[],0
[],0
[],0
[],0
[],0
[],0
[],0
[],0
[],0
[],0
[],0
[],0
[],0
[],0
[],0
[],0
[],0
